-- MySQL dump 10.13  Distrib 5.7.25, for Linux (x86_64)
--
-- Host: localhost    Database: mn_bi_dev
-- ------------------------------------------------------
-- Server version	5.7.25

/*!40101 SET @OLD_CHARACTER_SET_CLIENT=@@CHARACTER_SET_CLIENT */;
/*!40101 SET @OLD_CHARACTER_SET_RESULTS=@@CHARACTER_SET_RESULTS */;
/*!40101 SET @OLD_COLLATION_CONNECTION=@@COLLATION_CONNECTION */;
/*!40101 SET NAMES utf8 */;
/*!40103 SET @OLD_TIME_ZONE=@@TIME_ZONE */;
/*!40103 SET TIME_ZONE='+00:00' */;
/*!40014 SET @OLD_UNIQUE_CHECKS=@@UNIQUE_CHECKS, UNIQUE_CHECKS=0 */;
/*!40014 SET @OLD_FOREIGN_KEY_CHECKS=@@FOREIGN_KEY_CHECKS, FOREIGN_KEY_CHECKS=0 */;
/*!40101 SET @OLD_SQL_MODE=@@SQL_MODE, SQL_MODE='NO_AUTO_VALUE_ON_ZERO' */;
/*!40111 SET @OLD_SQL_NOTES=@@SQL_NOTES, SQL_NOTES=0 */;

--
-- Current Database: `mn_bi_dev`
--

CREATE DATABASE /*!32312 IF NOT EXISTS*/ `mn_bi_dev` /*!40100 DEFAULT CHARACTER SET utf8 */;

USE `mn_bi_dev`;

--
-- Table structure for table `QRTZ_BLOB_TRIGGERS`
--

DROP TABLE IF EXISTS `QRTZ_BLOB_TRIGGERS`;
/*!40101 SET @saved_cs_client     = @@character_set_client */;
/*!40101 SET character_set_client = utf8 */;
CREATE TABLE `QRTZ_BLOB_TRIGGERS` (
  `SCHED_NAME` varchar(120) NOT NULL,
  `TRIGGER_NAME` varchar(190) NOT NULL,
  `TRIGGER_GROUP` varchar(190) NOT NULL,
  `BLOB_DATA` blob,
  PRIMARY KEY (`SCHED_NAME`,`TRIGGER_NAME`,`TRIGGER_GROUP`),
  KEY `SCHED_NAME` (`SCHED_NAME`,`TRIGGER_NAME`,`TRIGGER_GROUP`),
  CONSTRAINT `QRTZ_BLOB_TRIGGERS_ibfk_1` FOREIGN KEY (`SCHED_NAME`, `TRIGGER_NAME`, `TRIGGER_GROUP`) REFERENCES `QRTZ_TRIGGERS` (`SCHED_NAME`, `TRIGGER_NAME`, `TRIGGER_GROUP`)
) ENGINE=InnoDB DEFAULT CHARSET=utf8;
/*!40101 SET character_set_client = @saved_cs_client */;

--
-- Dumping data for table `QRTZ_BLOB_TRIGGERS`
--

LOCK TABLES `QRTZ_BLOB_TRIGGERS` WRITE;
/*!40000 ALTER TABLE `QRTZ_BLOB_TRIGGERS` DISABLE KEYS */;
/*!40000 ALTER TABLE `QRTZ_BLOB_TRIGGERS` ENABLE KEYS */;
UNLOCK TABLES;

--
-- Table structure for table `QRTZ_CALENDARS`
--

DROP TABLE IF EXISTS `QRTZ_CALENDARS`;
/*!40101 SET @saved_cs_client     = @@character_set_client */;
/*!40101 SET character_set_client = utf8 */;
CREATE TABLE `QRTZ_CALENDARS` (
  `SCHED_NAME` varchar(120) NOT NULL,
  `CALENDAR_NAME` varchar(190) NOT NULL,
  `CALENDAR` blob NOT NULL,
  PRIMARY KEY (`SCHED_NAME`,`CALENDAR_NAME`)
) ENGINE=InnoDB DEFAULT CHARSET=utf8;
/*!40101 SET character_set_client = @saved_cs_client */;

--
-- Dumping data for table `QRTZ_CALENDARS`
--

LOCK TABLES `QRTZ_CALENDARS` WRITE;
/*!40000 ALTER TABLE `QRTZ_CALENDARS` DISABLE KEYS */;
/*!40000 ALTER TABLE `QRTZ_CALENDARS` ENABLE KEYS */;
UNLOCK TABLES;

--
-- Table structure for table `QRTZ_CRON_TRIGGERS`
--

DROP TABLE IF EXISTS `QRTZ_CRON_TRIGGERS`;
/*!40101 SET @saved_cs_client     = @@character_set_client */;
/*!40101 SET character_set_client = utf8 */;
CREATE TABLE `QRTZ_CRON_TRIGGERS` (
  `SCHED_NAME` varchar(120) NOT NULL,
  `TRIGGER_NAME` varchar(190) NOT NULL,
  `TRIGGER_GROUP` varchar(190) NOT NULL,
  `CRON_EXPRESSION` varchar(120) NOT NULL,
  `TIME_ZONE_ID` varchar(80) DEFAULT NULL,
  PRIMARY KEY (`SCHED_NAME`,`TRIGGER_NAME`,`TRIGGER_GROUP`),
  CONSTRAINT `QRTZ_CRON_TRIGGERS_ibfk_1` FOREIGN KEY (`SCHED_NAME`, `TRIGGER_NAME`, `TRIGGER_GROUP`) REFERENCES `QRTZ_TRIGGERS` (`SCHED_NAME`, `TRIGGER_NAME`, `TRIGGER_GROUP`)
) ENGINE=InnoDB DEFAULT CHARSET=utf8;
/*!40101 SET character_set_client = @saved_cs_client */;

--
-- Dumping data for table `QRTZ_CRON_TRIGGERS`
--

LOCK TABLES `QRTZ_CRON_TRIGGERS` WRITE;
/*!40000 ALTER TABLE `QRTZ_CRON_TRIGGERS` DISABLE KEYS */;
INSERT INTO `QRTZ_CRON_TRIGGERS` VALUES ('quartzScheduler','estimateTaskCronTrigger','DEFAULT','0 0/5 * * * ?','Asia/Shanghai');
/*!40000 ALTER TABLE `QRTZ_CRON_TRIGGERS` ENABLE KEYS */;
UNLOCK TABLES;

--
-- Table structure for table `QRTZ_FIRED_TRIGGERS`
--

DROP TABLE IF EXISTS `QRTZ_FIRED_TRIGGERS`;
/*!40101 SET @saved_cs_client     = @@character_set_client */;
/*!40101 SET character_set_client = utf8 */;
CREATE TABLE `QRTZ_FIRED_TRIGGERS` (
  `SCHED_NAME` varchar(120) NOT NULL,
  `ENTRY_ID` varchar(95) NOT NULL,
  `TRIGGER_NAME` varchar(190) NOT NULL,
  `TRIGGER_GROUP` varchar(190) NOT NULL,
  `INSTANCE_NAME` varchar(190) NOT NULL,
  `FIRED_TIME` bigint(13) NOT NULL,
  `SCHED_TIME` bigint(13) NOT NULL,
  `PRIORITY` int(11) NOT NULL,
  `STATE` varchar(16) NOT NULL,
  `JOB_NAME` varchar(190) DEFAULT NULL,
  `JOB_GROUP` varchar(190) DEFAULT NULL,
  `IS_NONCONCURRENT` varchar(1) DEFAULT NULL,
  `REQUESTS_RECOVERY` varchar(1) DEFAULT NULL,
  PRIMARY KEY (`SCHED_NAME`,`ENTRY_ID`),
  KEY `IDX_QRTZ_FT_TRIG_INST_NAME` (`SCHED_NAME`,`INSTANCE_NAME`),
  KEY `IDX_QRTZ_FT_INST_JOB_REQ_RCVRY` (`SCHED_NAME`,`INSTANCE_NAME`,`REQUESTS_RECOVERY`),
  KEY `IDX_QRTZ_FT_J_G` (`SCHED_NAME`,`JOB_NAME`,`JOB_GROUP`),
  KEY `IDX_QRTZ_FT_JG` (`SCHED_NAME`,`JOB_GROUP`),
  KEY `IDX_QRTZ_FT_T_G` (`SCHED_NAME`,`TRIGGER_NAME`,`TRIGGER_GROUP`),
  KEY `IDX_QRTZ_FT_TG` (`SCHED_NAME`,`TRIGGER_GROUP`)
) ENGINE=InnoDB DEFAULT CHARSET=utf8;
/*!40101 SET character_set_client = @saved_cs_client */;

--
-- Dumping data for table `QRTZ_FIRED_TRIGGERS`
--

LOCK TABLES `QRTZ_FIRED_TRIGGERS` WRITE;
/*!40000 ALTER TABLE `QRTZ_FIRED_TRIGGERS` DISABLE KEYS */;
/*!40000 ALTER TABLE `QRTZ_FIRED_TRIGGERS` ENABLE KEYS */;
UNLOCK TABLES;

--
-- Table structure for table `QRTZ_JOB_DETAILS`
--

DROP TABLE IF EXISTS `QRTZ_JOB_DETAILS`;
/*!40101 SET @saved_cs_client     = @@character_set_client */;
/*!40101 SET character_set_client = utf8 */;
CREATE TABLE `QRTZ_JOB_DETAILS` (
  `SCHED_NAME` varchar(120) NOT NULL,
  `JOB_NAME` varchar(190) NOT NULL,
  `JOB_GROUP` varchar(190) NOT NULL,
  `DESCRIPTION` varchar(250) DEFAULT NULL,
  `JOB_CLASS_NAME` varchar(250) NOT NULL,
  `IS_DURABLE` varchar(1) NOT NULL,
  `IS_NONCONCURRENT` varchar(1) NOT NULL,
  `IS_UPDATE_DATA` varchar(1) NOT NULL,
  `REQUESTS_RECOVERY` varchar(1) NOT NULL,
  `JOB_DATA` blob,
  PRIMARY KEY (`SCHED_NAME`,`JOB_NAME`,`JOB_GROUP`),
  KEY `IDX_QRTZ_J_REQ_RECOVERY` (`SCHED_NAME`,`REQUESTS_RECOVERY`),
  KEY `IDX_QRTZ_J_GRP` (`SCHED_NAME`,`JOB_GROUP`)
) ENGINE=InnoDB DEFAULT CHARSET=utf8;
/*!40101 SET character_set_client = @saved_cs_client */;

--
-- Dumping data for table `QRTZ_JOB_DETAILS`
--

LOCK TABLES `QRTZ_JOB_DETAILS` WRITE;
/*!40000 ALTER TABLE `QRTZ_JOB_DETAILS` DISABLE KEYS */;
INSERT INTO `QRTZ_JOB_DETAILS` VALUES ('quartzScheduler','estimateTaskJobDetail','DEFAULT','Âú∞ÂùÄËØÑ‰º∞‰ªªÂä°ÊâßË°åÂô®','com.mn.modules.api.jobs.EstimateTaskJob','1','1','0','1',_binary '¨\Ì\0sr\0org.quartz.JobDataMapü∞ÉËø©∞\À\0\0xr\0&org.quartz.utils.StringKeyDirtyFlagMapÇ\Ë\√˚\≈](\0Z\0allowsTransientDataxr\0org.quartz.utils.DirtyFlagMap\Ê.≠(v\n\Œ\0Z\0dirtyL\0mapt\0Ljava/util/Map;xp\0sr\0java.util.HashMap\⁄¡\√`\—\0F\0\nloadFactorI\0	thresholdxp?@\0\0\0\0\0w\0\0\0\0\0\0\0x\0');
/*!40000 ALTER TABLE `QRTZ_JOB_DETAILS` ENABLE KEYS */;
UNLOCK TABLES;

--
-- Table structure for table `QRTZ_LOCKS`
--

DROP TABLE IF EXISTS `QRTZ_LOCKS`;
/*!40101 SET @saved_cs_client     = @@character_set_client */;
/*!40101 SET character_set_client = utf8 */;
CREATE TABLE `QRTZ_LOCKS` (
  `SCHED_NAME` varchar(120) NOT NULL,
  `LOCK_NAME` varchar(40) NOT NULL,
  PRIMARY KEY (`SCHED_NAME`,`LOCK_NAME`)
) ENGINE=InnoDB DEFAULT CHARSET=utf8;
/*!40101 SET character_set_client = @saved_cs_client */;

--
-- Dumping data for table `QRTZ_LOCKS`
--

LOCK TABLES `QRTZ_LOCKS` WRITE;
/*!40000 ALTER TABLE `QRTZ_LOCKS` DISABLE KEYS */;
INSERT INTO `QRTZ_LOCKS` VALUES ('quartzScheduler','STATE_ACCESS'),('quartzScheduler','TRIGGER_ACCESS');
/*!40000 ALTER TABLE `QRTZ_LOCKS` ENABLE KEYS */;
UNLOCK TABLES;

--
-- Table structure for table `QRTZ_PAUSED_TRIGGER_GRPS`
--

DROP TABLE IF EXISTS `QRTZ_PAUSED_TRIGGER_GRPS`;
/*!40101 SET @saved_cs_client     = @@character_set_client */;
/*!40101 SET character_set_client = utf8 */;
CREATE TABLE `QRTZ_PAUSED_TRIGGER_GRPS` (
  `SCHED_NAME` varchar(120) NOT NULL,
  `TRIGGER_GROUP` varchar(190) NOT NULL,
  PRIMARY KEY (`SCHED_NAME`,`TRIGGER_GROUP`)
) ENGINE=InnoDB DEFAULT CHARSET=utf8;
/*!40101 SET character_set_client = @saved_cs_client */;

--
-- Dumping data for table `QRTZ_PAUSED_TRIGGER_GRPS`
--

LOCK TABLES `QRTZ_PAUSED_TRIGGER_GRPS` WRITE;
/*!40000 ALTER TABLE `QRTZ_PAUSED_TRIGGER_GRPS` DISABLE KEYS */;
/*!40000 ALTER TABLE `QRTZ_PAUSED_TRIGGER_GRPS` ENABLE KEYS */;
UNLOCK TABLES;

--
-- Table structure for table `QRTZ_SCHEDULER_STATE`
--

DROP TABLE IF EXISTS `QRTZ_SCHEDULER_STATE`;
/*!40101 SET @saved_cs_client     = @@character_set_client */;
/*!40101 SET character_set_client = utf8 */;
CREATE TABLE `QRTZ_SCHEDULER_STATE` (
  `SCHED_NAME` varchar(120) NOT NULL,
  `INSTANCE_NAME` varchar(190) NOT NULL,
  `LAST_CHECKIN_TIME` bigint(13) NOT NULL,
  `CHECKIN_INTERVAL` bigint(13) NOT NULL,
  PRIMARY KEY (`SCHED_NAME`,`INSTANCE_NAME`)
) ENGINE=InnoDB DEFAULT CHARSET=utf8;
/*!40101 SET character_set_client = @saved_cs_client */;

--
-- Dumping data for table `QRTZ_SCHEDULER_STATE`
--

LOCK TABLES `QRTZ_SCHEDULER_STATE` WRITE;
/*!40000 ALTER TABLE `QRTZ_SCHEDULER_STATE` DISABLE KEYS */;
INSERT INTO `QRTZ_SCHEDULER_STATE` VALUES ('quartzScheduler','qinfuji-dev1563551264049',1563551746882,10000);
/*!40000 ALTER TABLE `QRTZ_SCHEDULER_STATE` ENABLE KEYS */;
UNLOCK TABLES;

--
-- Table structure for table `QRTZ_SIMPLE_TRIGGERS`
--

DROP TABLE IF EXISTS `QRTZ_SIMPLE_TRIGGERS`;
/*!40101 SET @saved_cs_client     = @@character_set_client */;
/*!40101 SET character_set_client = utf8 */;
CREATE TABLE `QRTZ_SIMPLE_TRIGGERS` (
  `SCHED_NAME` varchar(120) NOT NULL,
  `TRIGGER_NAME` varchar(190) NOT NULL,
  `TRIGGER_GROUP` varchar(190) NOT NULL,
  `REPEAT_COUNT` bigint(7) NOT NULL,
  `REPEAT_INTERVAL` bigint(12) NOT NULL,
  `TIMES_TRIGGERED` bigint(10) NOT NULL,
  PRIMARY KEY (`SCHED_NAME`,`TRIGGER_NAME`,`TRIGGER_GROUP`),
  CONSTRAINT `QRTZ_SIMPLE_TRIGGERS_ibfk_1` FOREIGN KEY (`SCHED_NAME`, `TRIGGER_NAME`, `TRIGGER_GROUP`) REFERENCES `QRTZ_TRIGGERS` (`SCHED_NAME`, `TRIGGER_NAME`, `TRIGGER_GROUP`)
) ENGINE=InnoDB DEFAULT CHARSET=utf8;
/*!40101 SET character_set_client = @saved_cs_client */;

--
-- Dumping data for table `QRTZ_SIMPLE_TRIGGERS`
--

LOCK TABLES `QRTZ_SIMPLE_TRIGGERS` WRITE;
/*!40000 ALTER TABLE `QRTZ_SIMPLE_TRIGGERS` DISABLE KEYS */;
/*!40000 ALTER TABLE `QRTZ_SIMPLE_TRIGGERS` ENABLE KEYS */;
UNLOCK TABLES;

--
-- Table structure for table `QRTZ_SIMPROP_TRIGGERS`
--

DROP TABLE IF EXISTS `QRTZ_SIMPROP_TRIGGERS`;
/*!40101 SET @saved_cs_client     = @@character_set_client */;
/*!40101 SET character_set_client = utf8 */;
CREATE TABLE `QRTZ_SIMPROP_TRIGGERS` (
  `SCHED_NAME` varchar(120) NOT NULL,
  `TRIGGER_NAME` varchar(190) NOT NULL,
  `TRIGGER_GROUP` varchar(190) NOT NULL,
  `STR_PROP_1` varchar(512) DEFAULT NULL,
  `STR_PROP_2` varchar(512) DEFAULT NULL,
  `STR_PROP_3` varchar(512) DEFAULT NULL,
  `INT_PROP_1` int(11) DEFAULT NULL,
  `INT_PROP_2` int(11) DEFAULT NULL,
  `LONG_PROP_1` bigint(20) DEFAULT NULL,
  `LONG_PROP_2` bigint(20) DEFAULT NULL,
  `DEC_PROP_1` decimal(13,4) DEFAULT NULL,
  `DEC_PROP_2` decimal(13,4) DEFAULT NULL,
  `BOOL_PROP_1` varchar(1) DEFAULT NULL,
  `BOOL_PROP_2` varchar(1) DEFAULT NULL,
  PRIMARY KEY (`SCHED_NAME`,`TRIGGER_NAME`,`TRIGGER_GROUP`),
  CONSTRAINT `QRTZ_SIMPROP_TRIGGERS_ibfk_1` FOREIGN KEY (`SCHED_NAME`, `TRIGGER_NAME`, `TRIGGER_GROUP`) REFERENCES `QRTZ_TRIGGERS` (`SCHED_NAME`, `TRIGGER_NAME`, `TRIGGER_GROUP`)
) ENGINE=InnoDB DEFAULT CHARSET=utf8;
/*!40101 SET character_set_client = @saved_cs_client */;

--
-- Dumping data for table `QRTZ_SIMPROP_TRIGGERS`
--

LOCK TABLES `QRTZ_SIMPROP_TRIGGERS` WRITE;
/*!40000 ALTER TABLE `QRTZ_SIMPROP_TRIGGERS` DISABLE KEYS */;
/*!40000 ALTER TABLE `QRTZ_SIMPROP_TRIGGERS` ENABLE KEYS */;
UNLOCK TABLES;

--
-- Table structure for table `QRTZ_TRIGGERS`
--

DROP TABLE IF EXISTS `QRTZ_TRIGGERS`;
/*!40101 SET @saved_cs_client     = @@character_set_client */;
/*!40101 SET character_set_client = utf8 */;
CREATE TABLE `QRTZ_TRIGGERS` (
  `SCHED_NAME` varchar(120) NOT NULL,
  `TRIGGER_NAME` varchar(190) NOT NULL,
  `TRIGGER_GROUP` varchar(190) NOT NULL,
  `JOB_NAME` varchar(190) NOT NULL,
  `JOB_GROUP` varchar(190) NOT NULL,
  `DESCRIPTION` varchar(250) DEFAULT NULL,
  `NEXT_FIRE_TIME` bigint(13) DEFAULT NULL,
  `PREV_FIRE_TIME` bigint(13) DEFAULT NULL,
  `PRIORITY` int(11) DEFAULT NULL,
  `TRIGGER_STATE` varchar(16) NOT NULL,
  `TRIGGER_TYPE` varchar(8) NOT NULL,
  `START_TIME` bigint(13) NOT NULL,
  `END_TIME` bigint(13) DEFAULT NULL,
  `CALENDAR_NAME` varchar(190) DEFAULT NULL,
  `MISFIRE_INSTR` smallint(2) DEFAULT NULL,
  `JOB_DATA` blob,
  PRIMARY KEY (`SCHED_NAME`,`TRIGGER_NAME`,`TRIGGER_GROUP`),
  KEY `IDX_QRTZ_T_J` (`SCHED_NAME`,`JOB_NAME`,`JOB_GROUP`),
  KEY `IDX_QRTZ_T_JG` (`SCHED_NAME`,`JOB_GROUP`),
  KEY `IDX_QRTZ_T_C` (`SCHED_NAME`,`CALENDAR_NAME`),
  KEY `IDX_QRTZ_T_G` (`SCHED_NAME`,`TRIGGER_GROUP`),
  KEY `IDX_QRTZ_T_STATE` (`SCHED_NAME`,`TRIGGER_STATE`),
  KEY `IDX_QRTZ_T_N_STATE` (`SCHED_NAME`,`TRIGGER_NAME`,`TRIGGER_GROUP`,`TRIGGER_STATE`),
  KEY `IDX_QRTZ_T_N_G_STATE` (`SCHED_NAME`,`TRIGGER_GROUP`,`TRIGGER_STATE`),
  KEY `IDX_QRTZ_T_NEXT_FIRE_TIME` (`SCHED_NAME`,`NEXT_FIRE_TIME`),
  KEY `IDX_QRTZ_T_NFT_ST` (`SCHED_NAME`,`TRIGGER_STATE`,`NEXT_FIRE_TIME`),
  KEY `IDX_QRTZ_T_NFT_MISFIRE` (`SCHED_NAME`,`MISFIRE_INSTR`,`NEXT_FIRE_TIME`),
  KEY `IDX_QRTZ_T_NFT_ST_MISFIRE` (`SCHED_NAME`,`MISFIRE_INSTR`,`NEXT_FIRE_TIME`,`TRIGGER_STATE`),
  KEY `IDX_QRTZ_T_NFT_ST_MISFIRE_GRP` (`SCHED_NAME`,`MISFIRE_INSTR`,`NEXT_FIRE_TIME`,`TRIGGER_GROUP`,`TRIGGER_STATE`),
  CONSTRAINT `QRTZ_TRIGGERS_ibfk_1` FOREIGN KEY (`SCHED_NAME`, `JOB_NAME`, `JOB_GROUP`) REFERENCES `QRTZ_JOB_DETAILS` (`SCHED_NAME`, `JOB_NAME`, `JOB_GROUP`)
) ENGINE=InnoDB DEFAULT CHARSET=utf8;
/*!40101 SET character_set_client = @saved_cs_client */;

--
-- Dumping data for table `QRTZ_TRIGGERS`
--

LOCK TABLES `QRTZ_TRIGGERS` WRITE;
/*!40000 ALTER TABLE `QRTZ_TRIGGERS` DISABLE KEYS */;
INSERT INTO `QRTZ_TRIGGERS` VALUES ('quartzScheduler','estimateTaskCronTrigger','DEFAULT','estimateTaskJobDetail','DEFAULT',NULL,1563552000000,1563551700000,0,'WAITING','CRON',1563551263000,0,NULL,2,'');
/*!40000 ALTER TABLE `QRTZ_TRIGGERS` ENABLE KEYS */;
UNLOCK TABLES;

--
-- Table structure for table `categroy_label_t`
--

DROP TABLE IF EXISTS `categroy_label_t`;
/*!40101 SET @saved_cs_client     = @@character_set_client */;
/*!40101 SET character_set_client = utf8 */;
CREATE TABLE `categroy_label_t` (
  `id` varchar(32) NOT NULL,
  `parent_id` varchar(32) DEFAULT NULL COMMENT 'Áà∂Ê†áÁ≠æid',
  `state` int(1) NOT NULL COMMENT 'Ê†áÁ≠æÁä∂ÊÄÅ',
  `label` varchar(45) NOT NULL COMMENT 'Ê†áÁ≠æÂêçÁß∞',
  PRIMARY KEY (`id`)
) ENGINE=InnoDB DEFAULT CHARSET=utf8;
/*!40101 SET character_set_client = @saved_cs_client */;

--
-- Dumping data for table `categroy_label_t`
--

LOCK TABLES `categroy_label_t` WRITE;
/*!40000 ALTER TABLE `categroy_label_t` DISABLE KEYS */;
INSERT INTO `categroy_label_t` VALUES ('00b14a36d0682b50109bc85228a4d573','02fbba09e18811496b05e6a5771d699a',1,'ÂÖ∂‰ªñ'),('02fbba09e18811496b05e6a5771d699a',NULL,1,'ÈÄöÁî®Ê†áÁ≠æ'),('09ef72528ad24d97f156e9c13a3f2392','02fbba09e18811496b05e6a5771d699a',1,'ÈÖíÂ∫ó'),('0fafafaaee0a066f930a0dcceb65f4cb','02fbba09e18811496b05e6a5771d699a',1,'Â≠¶Ê†°'),('38ea79397348ef1bb6e281a382bcd05f','02fbba09e18811496b05e6a5771d699a',1,'ÂåªÈô¢'),('4a737270435b34ac064e4ca1430be3f8','02fbba09e18811496b05e6a5771d699a',1,'ÂÖ¨Âõ≠'),('57b48675d5636d21b27760bdc03af51e','02fbba09e18811496b05e6a5771d699a',1,'Êú∫Âú∫'),('87c232ae2e47d1441616468f2d8fba53','02fbba09e18811496b05e6a5771d699a',1,'‰∫§ÈÄöÊû¢Á∫Ω'),('8b7810e4b318a85ec085834f0d078eca','02fbba09e18811496b05e6a5771d699a',1,'ÂäûÂÖ¨'),('aec8b6631990676b7ab339352665d2c8','02fbba09e18811496b05e6a5771d699a',1,'ÊôØÁÇπ'),('c7293dceac6f85839d6b12c82b9936bf','02fbba09e18811496b05e6a5771d699a',1,'ÂïÜ‰∏ö‰Ωì'),('ec73b726d55101158b3847374b87b53f','02fbba09e18811496b05e6a5771d699a',1,'Â∞èÂå∫'),('ee89cd2ab7e215c4230c5e01e326b834','02fbba09e18811496b05e6a5771d699a',1,'‰∏ì‰∏öÂ∏ÇÂú∫');
/*!40000 ALTER TABLE `categroy_label_t` ENABLE KEYS */;
UNLOCK TABLES;

--
-- Table structure for table `estimate_data_result_t`
--

DROP TABLE IF EXISTS `estimate_data_result_t`;
/*!40101 SET @saved_cs_client     = @@character_set_client */;
/*!40101 SET character_set_client = utf8 */;
CREATE TABLE `estimate_data_result_t` (
  `id` varchar(32) NOT NULL,
  `fence` text COMMENT 'ÂùÄÊúÄÁªà‰∫ßÁîüÁöÑÂõ¥Ê†èÊï∞ÊçÆ',
  `fence_hot_datas` text COMMENT 'Áî®Êà∑ÂÆö‰πâÁöÑÂõ¥Ê†èÁÉ≠ÂäõÊï∞ÊçÆ',
  `observer_rate_flow` varchar(45) DEFAULT NULL COMMENT 'ÊµãÊéßÁÇπÊµÅÈáè',
  `radiation_distance` varchar(45) DEFAULT NULL COMMENT 'ËØÑ‰º∞ËæêÂ∞ÑË∑ùÁ¶ª',
  `radiation_area` varchar(45) DEFAULT NULL COMMENT 'ËØÑ‰º∞ËæêÂ∞ÑÈù¢ÁßØ',
  `arrive_persion_data` text,
  `conclusion` varchar(45) DEFAULT NULL,
  `enter_date` varchar(20) DEFAULT NULL,
  `business_type` varchar(45) DEFAULT NULL,
  `state` varchar(45) DEFAULT NULL,
  PRIMARY KEY (`id`)
) ENGINE=InnoDB DEFAULT CHARSET=utf8;
/*!40101 SET character_set_client = @saved_cs_client */;

--
-- Dumping data for table `estimate_data_result_t`
--

LOCK TABLES `estimate_data_result_t` WRITE;
/*!40000 ALTER TABLE `estimate_data_result_t` DISABLE KEYS */;
INSERT INTO `estimate_data_result_t` VALUES ('2f8f4490d43da5a9a4339699276bf1d2','116.39584442898632,39.79800576460137;116.41658327847722,39.77883805966996;116.41941569119689,39.778879286277316;116.42207644253966,39.77893700348611;116.42541310518982,39.80371794506969;116.4253380033374,39.80474823013963;116.41374013289811,39.81028677911573;116.41043564870955,39.810599962637106;116.40272161692383,39.811119170084424;116.39859101369979,39.80641314642282;116.39550110623236,39.80285249368053;',NULL,NULL,NULL,NULL,NULL,NULL,NULL,NULL,NULL),('e1ef03ca2dc81dc3a70c15dc81adea1c','116.41177675992253,39.781715617562504;116.41185186177495,39.7811796918296;116.42365358144042,39.78155896277998;116.42427585393193,39.78174859747128;116.43022499352696,39.789275848102086;116.42943641602989,39.79807994974363;116.42795583665372,39.79911856218278;116.420091599822,39.79908559060037;116.41896507203575,39.79907734770229;116.41502759724852,39.79342249093911;',NULL,NULL,NULL,NULL,NULL,NULL,NULL,NULL,NULL);
/*!40000 ALTER TABLE `estimate_data_result_t` ENABLE KEYS */;
UNLOCK TABLES;

--
-- Table structure for table `estimate_result_t`
--

DROP TABLE IF EXISTS `estimate_result_t`;
/*!40101 SET @saved_cs_client     = @@character_set_client */;
/*!40101 SET character_set_client = utf8 */;
CREATE TABLE `estimate_result_t` (
  `id` varchar(32) NOT NULL,
  `fence` text COMMENT 'ÂùÄÊúÄÁªà‰∫ßÁîüÁöÑÂõ¥Ê†èÊï∞ÊçÆ',
  `fence_hot_datas` text COMMENT 'Áî®Êà∑ÂÆö‰πâÁöÑÂõ¥Ê†èÁÉ≠ÂäõÊï∞ÊçÆ',
  `observer_rate_flow` varchar(45) DEFAULT NULL COMMENT 'ÊµãÊéßÁÇπÊµÅÈáè',
  `radiation_distance` varchar(45) DEFAULT NULL COMMENT 'ËØÑ‰º∞ËæêÂ∞ÑË∑ùÁ¶ª',
  `radiation_area` varchar(45) DEFAULT NULL COMMENT 'ËØÑ‰º∞ËæêÂ∞ÑÈù¢ÁßØ',
  PRIMARY KEY (`id`)
) ENGINE=InnoDB DEFAULT CHARSET=utf8;
/*!40101 SET character_set_client = @saved_cs_client */;

--
-- Dumping data for table `estimate_result_t`
--

LOCK TABLES `estimate_result_t` WRITE;
/*!40000 ALTER TABLE `estimate_result_t` DISABLE KEYS */;
/*!40000 ALTER TABLE `estimate_result_t` ENABLE KEYS */;
UNLOCK TABLES;

--
-- Table structure for table `estimate_task_t`
--

DROP TABLE IF EXISTS `estimate_task_t`;
/*!40101 SET @saved_cs_client     = @@character_set_client */;
/*!40101 SET character_set_client = utf8 */;
CREATE TABLE `estimate_task_t` (
  `id` varchar(32) NOT NULL,
  `filter_labels` varchar(600) DEFAULT NULL COMMENT 'Ê†áÁ≠æËøáÊª§ÂàóË°®',
  `hot_fences` text COMMENT 'ÁÉ≠ÂäõÂõ¥Ê†èÊï∞ÊçÆ',
  `fence_hot_date` varchar(200) DEFAULT NULL COMMENT 'Âõ¥Ê†èÁÉ≠ÂäõÊï∞ÊçÆÈááÈõÜÊó∂Èó¥',
  `fence_hot_condition` varchar(45) DEFAULT NULL COMMENT 'Âõ¥Ê†èÁÉ≠ÂäõÊï∞ÊçÆÈááÈõÜÊù°‰ª∂',
  `distance` int(11) DEFAULT NULL COMMENT 'ËæêÂ∞ÑË∑ùÁ¶ª,Âçï‰ΩçÁ±≥',
  `observe_id` varchar(45) DEFAULT NULL COMMENT 'ÊµãÊéßÁÇπid',
  `state` varchar(10) DEFAULT NULL COMMENT '‰ªªÂä°Áä∂ÊÄÅ',
  `exec_state` int(11) DEFAULT NULL COMMENT '‰ªªÂä°ÊâßË°åÁä∂ÊÄÅ ',
  `pointer_address_id` varchar(45) NOT NULL COMMENT 'ÁÇπÂùÄid',
  `estimate_result_data_id` varchar(45) NOT NULL COMMENT 'Êï∞ÊçÆË°®id',
  `version` varchar(45) NOT NULL,
  `created_user_id` varchar(45) DEFAULT NULL,
  `created_user_name` varchar(45) DEFAULT NULL,
  `created_time` datetime NOT NULL,
  `last_updated_user_id` varchar(45) DEFAULT NULL,
  `last_updated_user_name` varchar(45) DEFAULT NULL,
  `updated_time` datetime NOT NULL,
  `competitor_ids` varchar(200) DEFAULT NULL,
  `arrive_scale` int(11) DEFAULT NULL,
  `show_person_count` int(11) DEFAULT NULL,
  PRIMARY KEY (`id`)
) ENGINE=InnoDB DEFAULT CHARSET=utf8;
/*!40101 SET character_set_client = @saved_cs_client */;

--
-- Dumping data for table `estimate_task_t`
--

LOCK TABLES `estimate_task_t` WRITE;
/*!40000 ALTER TABLE `estimate_task_t` DISABLE KEYS */;
INSERT INTO `estimate_task_t` VALUES ('c509f58c38e20116f1f7f583dea411bf','8b7810e4b318a85ec085834f0d078eca,0fafafaaee0a066f930a0dcceb65f4cb,38ea79397348ef1bb6e281a382bcd05f,4a737270435b34ac064e4ca1430be3f8,aec8b6631990676b7ab339352665d2c8,c7293dceac6f85839d6b12c82b9936bf,09ef72528ad24d97f156e9c13a3f2392,00b14a36d0682b50109bc85228a4d573,87c232ae2e47d1441616468f2d8fba53','116.413649,39.786216;116.414637,39.781665;116.417726,39.781698;116.417726,39.783017;116.417555,39.78371;116.418714,39.78371;116.420087,39.783116;116.420902,39.783215;116.420087,39.787074','2019-07-01;2019-08-31','1',2000,'1221212','1',5,'f8e6394669ad2e3d76e4536a3e7b570f','2f8f4490d43da5a9a4339699276bf1d2','4',NULL,NULL,'2019-07-19 23:43:31',NULL,NULL,'2019-07-19 23:55:00','',27,0),('e686ccf47871600e61a4140406e71292','ec73b726d55101158b3847374b87b53f','116.432494,39.783444;116.433052,39.780476;116.434468,39.780509;116.434596,39.779124;116.435755,39.779157;116.435755,39.779652;116.436571,39.779652;116.436571,39.779949;116.437944,39.780146;116.437815,39.781532;116.437772,39.78384;116.432579,39.783609','2019-07-19;2019-07-28','1',1500,'1221212','1',5,'2fb52fe60b97bd26a88273799f238a3a','e1ef03ca2dc81dc3a70c15dc81adea1c','4',NULL,NULL,'2019-07-19 23:35:37',NULL,NULL,'2019-07-19 23:55:00','',20,0);
/*!40000 ALTER TABLE `estimate_task_t` ENABLE KEYS */;
UNLOCK TABLES;

--
-- Table structure for table `pointer_address_label_t`
--

DROP TABLE IF EXISTS `pointer_address_label_t`;
/*!40101 SET @saved_cs_client     = @@character_set_client */;
/*!40101 SET character_set_client = utf8 */;
CREATE TABLE `pointer_address_label_t` (
  `id` varchar(32) NOT NULL,
  `label_id` varchar(32) NOT NULL COMMENT 'Ê†áÁ≠æid',
  `pointer_address_id` varchar(45) NOT NULL COMMENT 'ÁÇπÂùÄid',
  PRIMARY KEY (`id`)
) ENGINE=InnoDB DEFAULT CHARSET=utf8;
/*!40101 SET character_set_client = @saved_cs_client */;

--
-- Dumping data for table `pointer_address_label_t`
--

LOCK TABLES `pointer_address_label_t` WRITE;
/*!40000 ALTER TABLE `pointer_address_label_t` DISABLE KEYS */;
INSERT INTO `pointer_address_label_t` VALUES ('00c8804e905d4b19cb865a47b5bbb090','ec73b726d55101158b3847374b87b53f','e002d95efe04fca7ac502d87da980991'),('01e02a066641f8ab9ca41f04e120c5a1','8b7810e4b318a85ec085834f0d078eca','2273e67b081fd5def2fcd89c81a73b5d'),('01e8b032cad35b39c997a783c4c74fce','ee89cd2ab7e215c4230c5e01e326b834','c84290fda6d576f51532839be851228b'),('021ce7c2c5b83e1820db1b7efe1cda37','ec73b726d55101158b3847374b87b53f','9dec0436cc0833b71fe39a4ceec175fd'),('03f0105753dfafc3c5abc7f64941c88c','ec73b726d55101158b3847374b87b53f','8e73ce265a1ca187b448e640fe155d7e'),('041c50c9e68346107acaedf327534574','ec73b726d55101158b3847374b87b53f','04fdf57165b1fd16fcc04981a67bd21b'),('042b6cb58deee34b680c1de7bcb8f441','4a737270435b34ac064e4ca1430be3f8','03423287a61d73f70f9cc388fe3e90a5'),('048fd26ed60a693b566e74a0750126e4','4a737270435b34ac064e4ca1430be3f8','e6565ca6394b87559fb0542be57ab362'),('04ccb0923c5f9ef512eeb362501f6191','ec73b726d55101158b3847374b87b53f','a3c8a7ccc884acb72ee2e1233b41e479'),('062f1612d4bb900f083fbfe30b34067f','ee89cd2ab7e215c4230c5e01e326b834','21078efe9cf41b858906c431b1407a37'),('0898b0a0457769014ce63671f83e8b51','8b7810e4b318a85ec085834f0d078eca','80e9bcb53fcac3f91a8a688bd71e259f'),('0ddaa0d5caa594a4a0d7af1edf0b8f14','ec73b726d55101158b3847374b87b53f','5f7b17e7c8e4129627df4d62bdb9c76c'),('0de0eb0d04c55fa2d9464cf46dd21043','ec73b726d55101158b3847374b87b53f','8243fd097648b42ce5822b6fe7f0a2fc'),('127a823fb6244b030735a738d6715bb7','ec73b726d55101158b3847374b87b53f','2b1e7cfbc585559a7dd32d5a95425d98'),('134d52e33f5cd8c03b3abecef0d6f42b','ec73b726d55101158b3847374b87b53f','316f5aa8ac2fbe2b530d9113b2daf0fb'),('1428add9ee7d2b8d9c27546f97a8c235','ec73b726d55101158b3847374b87b53f','9d550d294140f1720aaa502edbc2d257'),('14617145bedd9718e90d581806a5c105','ec73b726d55101158b3847374b87b53f','22b634a49015068198cfca7aea1c35c2'),('14897c41cb1aaf72bca8333dbe48de05','ec73b726d55101158b3847374b87b53f','216c372775d7c022036ec67c0e3755bd'),('16afb8c3071b10dc42a35a7a4b8fe678','ec73b726d55101158b3847374b87b53f','b136355f75b412a1c04d231c8bdfce61'),('180e05f32524401010c8a3eb18c2b1b2','ec73b726d55101158b3847374b87b53f','98789e1710da1b6db2a07114ee1860d1'),('1a608e69747ac072c2a1ec4b1465c72f','ec73b726d55101158b3847374b87b53f','4a3e7c9073977e4adfb69cac6bdc4930'),('1c0da7ddd9abf534bebae81ef1073eda','ec73b726d55101158b3847374b87b53f','050d99245e8ea7f5a0f3e3d22b185139'),('1cbbf504a5ed96809a3a8b9f4d52d888','38ea79397348ef1bb6e281a382bcd05f','01c4461421a8fcef166adb31d3b57a55'),('1f2b8566278cbc7c964cf131535dffdf','ec73b726d55101158b3847374b87b53f','8dfe5f3b6bd10a610bb1a70fc736b17c'),('1fb1377fa242f5020aa94a1b443998e6','ec73b726d55101158b3847374b87b53f','f09e5ad1cf64728ca6f9f8c4d575a04c'),('20bc6f859b07cdc2a09533d7f1d4b070','c7293dceac6f85839d6b12c82b9936bf','c89da644045a31e20e5e2c34b60c3852'),('21efae748786af25bd6be15a3a6f8860','c7293dceac6f85839d6b12c82b9936bf','fa148c5e9010eabf0763e66642837a31'),('232d65841b47a09c68a20f44b92594b8','ec73b726d55101158b3847374b87b53f','4c26126aabc7f7d86367088b07deb918'),('2359f68b2c6c01368186a63a13a4388c','ec73b726d55101158b3847374b87b53f','6282b6a199e8616d2afa742f33e17dbd'),('25883a91b67b4043c5c995a43ca0f19f','ec73b726d55101158b3847374b87b53f','a3c006a69541a0536f142ab02ca3d8f6'),('26d59910f9e4ed64a2b5d8172c21323c','ec73b726d55101158b3847374b87b53f','1525b1932acf06acd8ccef1e89156f44'),('2789b97517abde16fe1276feb0e00a8d','ec73b726d55101158b3847374b87b53f','2c1a709c9033056c1ee27d833d2d70a0'),('28ca37cbc60808493ae3afcd4c8d4674','8b7810e4b318a85ec085834f0d078eca','d2a85276d5d1cd6f4987da1171d36825'),('2ae71c02dae3b1bc131f229501eb5104','8b7810e4b318a85ec085834f0d078eca','f0c6472f6a2eb19cdbc4364572e31051'),('2b20019c9f1df2f3082a6a077638b0a8','ec73b726d55101158b3847374b87b53f','725079ede7500255d5a8ac163abd46bd'),('2d6e36f441f8b0ecac1cba810224d6c8','ec73b726d55101158b3847374b87b53f','7ab5849f4618aa8ce1958d0262004df4'),('2dfd6e9fda962e7f3a749c380287748b','c7293dceac6f85839d6b12c82b9936bf','70731c7f6688a926705cb1c1ed3b60d7'),('2f4058adb2e75d7317b1361ffbadb847','ec73b726d55101158b3847374b87b53f','2bd8952aa37633fccbf7fa1f1ecdc946'),('2fc906fed7d5f2b7c71afcbedf13a77b','ec73b726d55101158b3847374b87b53f','0e986bdc3ba8ba6a795e30cfb9d1c074'),('2fcb7b5ade1182cf1ab2893691869417','ec73b726d55101158b3847374b87b53f','334cd48382f8cdb4cfd1f282467070b4'),('2fd530221cd9da52ca878281e2906fe9','aec8b6631990676b7ab339352665d2c8','f15c8e1b196505bf89682d1046a171c1'),('2fed5a7ff925bd5f167f01cf1013e23c','00b14a36d0682b50109bc85228a4d573','a5e2a36813e7eab018ab56b963c0e7f0'),('3033f00cbbfa0d6b0094d951f99c0fbd','ec73b726d55101158b3847374b87b53f','62bdafb07595d7f5525c6198936c470e'),('307fe2048dac2dd940fad1f48b5ccb16','ec73b726d55101158b3847374b87b53f','e4c8132018a26ef3e71ae5b38e548d45'),('30945a5b3fdab327065210f753ef61ae','ee89cd2ab7e215c4230c5e01e326b834','5227a3e7c457a7a2380515e729fa83c4'),('3125e45f6a7710fbc423d4010ab98b51','ec73b726d55101158b3847374b87b53f','4441d9fcca404188c80819221c8bb60e'),('330157a18a063964ba72e1e2f7fa9aee','ec73b726d55101158b3847374b87b53f','cfab3b033eeffeca9503973fbe04d0ed'),('33b8a30b24655037ef906fce39e1ef05','ec73b726d55101158b3847374b87b53f','4440c2952616989a4080787d0b0bec0f'),('34c646936bb4ed88904d16001ef4d097','ec73b726d55101158b3847374b87b53f','4e198be594003c452be72fc58b1480e9'),('36412bb6131715bd20fba91a7a37d31a','ec73b726d55101158b3847374b87b53f','831c9d9a43fd58654ee7d2fc2d4f7d67'),('36db15e335c23ac9c4af55c6091a7980','8b7810e4b318a85ec085834f0d078eca','d345b7b4c00d06287728a5f72da6130b'),('3844db2bbdf9992c1dd0e94f7f089bfd','ec73b726d55101158b3847374b87b53f','65386ec444fa3397f9bb4e2515482780'),('38c57fb6c3c4a3c28328e5de42c420bf','ec73b726d55101158b3847374b87b53f','b11e1b3cc4909cf54aa41653c5401b82'),('3944f38242e7268123543150cbe7a6c7','ec73b726d55101158b3847374b87b53f','01b2c90c52a634ac7258cf3c61256c6a'),('3e0c0963bc1556c1a4a4f2ce0549524a','ec73b726d55101158b3847374b87b53f','e5b4e9355f7f67f8326a1dfaa17b85e4'),('3e703422dd19eae3c440076634aba3d3','ec73b726d55101158b3847374b87b53f','4f03b5d5bc57e88dbeec485614d830e2'),('3ee41977994bef46c82b13a16b08272e','ec73b726d55101158b3847374b87b53f','ba7d331c0fc92de24a4d16ced8f68ee5'),('3f735d35bc81122ce87f2d70488c49cd','8b7810e4b318a85ec085834f0d078eca','c2905d8e1426f02b6c1c79637966806e'),('3fbbd98916992cb3a716afab45f07782','ec73b726d55101158b3847374b87b53f','da2ccd4eaac758c4d702630906f1b604'),('40950e957ccde131d040637eddbef1cc','ec73b726d55101158b3847374b87b53f','8661da705e8cd22bec9acdcbbb8df7e9'),('41a9224c4ef48b4d79846cfcfc591068','ec73b726d55101158b3847374b87b53f','bb180b8e3fa5a0e59b73138bbf47a2ab'),('4227315c57f9ee397a5bd9935324b623','ec73b726d55101158b3847374b87b53f','be90c509fa3bfa5079bd58ce6d9ec295'),('43a0457946ded3d797b8a1c105c8cf3b','ec73b726d55101158b3847374b87b53f','03a10a3f242a8529f299aa22398cd30f'),('44ae9041de1c2ef8d2385f03b043a01f','0fafafaaee0a066f930a0dcceb65f4cb','d92d8ed7416e0fa45648f80396c500b0'),('469dacd3365a92f5151b3828491dc4d5','ec73b726d55101158b3847374b87b53f','5f28889c38d20defa1f1f9732910eea1'),('471ac9704a301d98f4fa0aa4fcfadb09','ec73b726d55101158b3847374b87b53f','5a3a8a42612efceebbf2e0598f2566b2'),('47db5145114daa053988a5080db08dd1','ec73b726d55101158b3847374b87b53f','baa45a001628e0bf0f98e0406c1f7a48'),('47f5dcf2918ee11fa5c35fc894b904d1','8b7810e4b318a85ec085834f0d078eca','4c3172ccf9a076cbc9d4fada25e3df76'),('4969d65bbd44759f366b11ec74d12095','0fafafaaee0a066f930a0dcceb65f4cb','f99458954e22bb05a6feabbc4db77baa'),('49c3a2ed0c8c6b8e772f96f2d889a5f2','ec73b726d55101158b3847374b87b53f','d2076e3b1b26e88d04cd909a76817156'),('4aadb1db936c2334d07fe1f265a008db','ec73b726d55101158b3847374b87b53f','7b9341da96aeb8bae911f253e6c6adc1'),('4ad1f9410c4fca15b3be17db53b913ac','ec73b726d55101158b3847374b87b53f','0a580a5de6582cbc9bc9bca0d7a3fd49'),('4b6f532c429ad5fc079fd939a29b94e9','ec73b726d55101158b3847374b87b53f','bcf313de7d95fc489bce2067e885ef02'),('4c08444aca966d24de8ddcb641583149','ec73b726d55101158b3847374b87b53f','0a7c7140f953d77c5228a56b2ae2c694'),('4da7c7bca6e2ff3d4659febd7b37e699','ec73b726d55101158b3847374b87b53f','ec8a428c71947b929a584dfedbdc3d2f'),('4f052ddb4477b6a3bc90d306bd28e871','ee89cd2ab7e215c4230c5e01e326b834','e62900de4bb0e6f8884350eb46b5b89c'),('4f18bdffc59fbd19f311ef4663ef6def','ec73b726d55101158b3847374b87b53f','f1e59eff2cc10de2f122d401efba6006'),('5094e751f1c09548b2c0bf066d184ac6','ec73b726d55101158b3847374b87b53f','6bca1cbda45ac3d0794b622bd45e592a'),('50989ad354fac5555e0343f07d1514ff','ec73b726d55101158b3847374b87b53f','fbcfaaf286e2a43e996b564ca2c09c14'),('50b5c9dc4b6fc93798449ad2a46b996b','ec73b726d55101158b3847374b87b53f','c03be6963cf55c33514222f40aa77440'),('5225501bdcaccba7e2378ec7171d6ce4','ec73b726d55101158b3847374b87b53f','11c4f114fe4a32fd4be1fceb985ea8b6'),('52b2de5e5f52766090ef32caf93c341b','ec73b726d55101158b3847374b87b53f','8d3a261882741e836f2ca40b76d5e093'),('53bba4e7448b1cd1a0a4fb348a695b1e','8b7810e4b318a85ec085834f0d078eca','ee9d559a354f4a6cdeff628bb5fc354f'),('5480f299b49ceb5123640abeff5738c9','8b7810e4b318a85ec085834f0d078eca','dc079fae7617681fbb7012c5a5050b4f'),('54b2bdf137ca6cf2482324826b930c51','ec73b726d55101158b3847374b87b53f','3d8702ab5fc01e63ed97441cdaf71097'),('5561119a19d47fcfc8033d5104160981','8b7810e4b318a85ec085834f0d078eca','c5861c6c727636c7f8c3445613733974'),('55a4d72b10e15b7d71d3d4b62029cd90','09ef72528ad24d97f156e9c13a3f2392','375dd152d4c6b9bcf115ba87c8de82d0'),('55b2b37d11d14c1b0911aefc746a4a21','8b7810e4b318a85ec085834f0d078eca','901db25f922a9e33a9b8a3142dcbf005'),('5652707f2d03c729f76c8a684e04feff','0fafafaaee0a066f930a0dcceb65f4cb','32268d822d124d59a592482402b72203'),('57af5b24c00a0c7f113f525637e199a3','ec73b726d55101158b3847374b87b53f','76e62171cae4cbdaa42262b2cc1e3301'),('584316ab44ed2085218118b31eb7cb86','8b7810e4b318a85ec085834f0d078eca','7272a30ada1cc804400423fe7de2d85a'),('58abec1d380c8603995df82f63a1747b','ec73b726d55101158b3847374b87b53f','68163d4e3cdbae10a9660dc48f2dd604'),('58e3dcd1f21d13001bb91ef7da4c49c7','ec73b726d55101158b3847374b87b53f','a8bfd6753b51e92c180c120bf93efb6e'),('59dd34abeab3be189927c4d2dd3973ba','ec73b726d55101158b3847374b87b53f','0ee15c572eaee7206b92fd16874a8fe6'),('5b844d730eb35631dc6f5c37ef44e575','ec73b726d55101158b3847374b87b53f','03c15ce64a3e5b55433f76bd4147e060'),('5baa0df877dda0038c5e9591ef5613d5','ec73b726d55101158b3847374b87b53f','2434a69c18f7bd8b821b3dbbbce3b824'),('5d738681cb7649ef1700a44d455fcfa0','ec73b726d55101158b3847374b87b53f','040aa6c548789159d203e6d7e15faf82'),('5daf0eaca940b351cc91475e058a9676','ec73b726d55101158b3847374b87b53f','28aada768bc64a6cdc61acc56c802c5f'),('5dbc3ff229dbc4c65b0d735a80214fa1','4a737270435b34ac064e4ca1430be3f8','67de43cb1401d0b2c2c8a94a0bd2d023'),('6053773a99461149c18f1eca5baf0886','ec73b726d55101158b3847374b87b53f','64a3a4270f044dedfdd90f8204953bc0'),('608c676c8d535c530dfa340ed7a929ec','ec73b726d55101158b3847374b87b53f','dca34dea7b3938d18b0e3c85cfc38db4'),('61bcd1d47977934fa6e7d66dd385a830','ec73b726d55101158b3847374b87b53f','b78118999f0e4416603f079d233e3f69'),('631f5d75e10cfdb3d9ed69619ec068b7','ec73b726d55101158b3847374b87b53f','8a5e4c0158162d6485e3aa83c3848942'),('638e8f6ca623c842e3f039536ddcec29','ec73b726d55101158b3847374b87b53f','5e1b5af0d3654803e5ac6d5877484c09'),('63e33c1e0a177ff7a5c610475794ebfe','ec73b726d55101158b3847374b87b53f','fe50f36ee2fe45170437b3204e8e7268'),('650a7fc5d53dd9850767a17ecc6c49ec','38ea79397348ef1bb6e281a382bcd05f','93354c13c806a679511c8bc858b1c002'),('697a477aa35e8eabb6047ce7473831a0','0fafafaaee0a066f930a0dcceb65f4cb','891b7dcde480f9cff5591bd5f02ec3be'),('698d842c483baea651917909b86d11fc','ec73b726d55101158b3847374b87b53f','6920e9e10d2d7579dbbbce4cdcac01d2'),('698ea5f6a7818e12a0d95b77c9ff564e','ec73b726d55101158b3847374b87b53f','8d16327cf14ce174a77396a3e110abb1'),('69bfb4e6c066434b984bfefc21230fb2','ee89cd2ab7e215c4230c5e01e326b834','b89385d8ae597bcc60c43d4ec1226d18'),('6bc6ea74d0d5037797fa883c285b26ce','ec73b726d55101158b3847374b87b53f','b0b85ba1606e93a69722fac23f4d94e2'),('6db31e7281eeb5df31761b7bd7cc4f69','ec73b726d55101158b3847374b87b53f','dbbea66ab9c3d3b5c07a8cc9fa0ba859'),('6ecba741bacc77e673e5b8783ba68e8c','ec73b726d55101158b3847374b87b53f','2f0f311f782a7744d301d340412963a0'),('6efdaaeebcdbc563922937df38100a20','ec73b726d55101158b3847374b87b53f','638373a2c6cf783964a6049fdb23c260'),('6fb293251a9023cd2fbf4f08472d8c4e','ec73b726d55101158b3847374b87b53f','fc4a7201595c30c98926563ac90a23b7'),('745e362aed98220da28506bf2ad17492','ec73b726d55101158b3847374b87b53f','804c4b99f59eb613e75d636bc1b60883'),('7556e5256269c6f05cb2592ccdfa13f8','ec73b726d55101158b3847374b87b53f','5c7fd10f7155a89f979569d479ae888c'),('75766725f431292868775ffcfc2458c9','ec73b726d55101158b3847374b87b53f','39e6a3c02b0e76b9071409cfd6755f53'),('768808709abe3858c0a7169752f4b623','ec73b726d55101158b3847374b87b53f','21f71a005628f474ab5b1380db9564d0'),('779081b3d38c1491a77283ea7b4f2c4c','ec73b726d55101158b3847374b87b53f','44ebe8da3f452b4112ad4a19af6651a8'),('780403a9a28050c7408c4f7fcb33754e','0fafafaaee0a066f930a0dcceb65f4cb','7330175eab93f2f6ce010a501548e4e9'),('79ad6e1ecfe9bf55068284103e7b2075','38ea79397348ef1bb6e281a382bcd05f','fe12e506bc7c3a3cce98f667060e26dd'),('7a79c13f0912344658f44822b99fbe45','ec73b726d55101158b3847374b87b53f','3206b9526c86e75d98246cd80ce756d7'),('7cd8a2e06e31c3accd037290e98bb21d','c7293dceac6f85839d6b12c82b9936bf','48b49050ee5117a72f4faf5c7afe4b43'),('7f0223f9959bcfab22893d7f0fc903a8','c7293dceac6f85839d6b12c82b9936bf','3af3a28060d9dadc2df3b5dcd9c90061'),('81181b715b03b6d55913be516527ae3f','c7293dceac6f85839d6b12c82b9936bf','0684fc9b18a0abb2ccc08674789da2cd'),('81c41386ca850800268d14ac4f29849f','ec73b726d55101158b3847374b87b53f','f601c877a90bff11f985d1107541b2db'),('82d7660a9d380ab30c229448d65cc7aa','ec73b726d55101158b3847374b87b53f','1358d5375e8e27dd7ce8da8366ecaf68'),('83b7b68c872874ecbc2a2cff92d52135','ec73b726d55101158b3847374b87b53f','6aa448ade1e6f3d2824a6cac6d5bb04b'),('84946d4d9ae008d7d52c3ce8ab881143','ec73b726d55101158b3847374b87b53f','fa1ca653c5aa81c9070885ed0afc57f5'),('85d1472e2a14acdd911401c756691093','ec73b726d55101158b3847374b87b53f','7c8e248444e7bf19fcf5e63e64674a7f'),('86f44fab38a8d4fd28bb473e84078cce','8b7810e4b318a85ec085834f0d078eca','97af920560a5e913c4b6e7156600e64c'),('89e23fc5168dfab16614883bd500ff53','ec73b726d55101158b3847374b87b53f','b9635299163bda6f80b26fe542a984e4'),('8a8ff2624c2d0034ff5cc264f9861e16','8b7810e4b318a85ec085834f0d078eca','55870002cc80472624e3ee517109e537'),('8bcfd8d8c4b5e16e3a9b596a5001dce9','ee89cd2ab7e215c4230c5e01e326b834','858a3beb6555e6fd251aa23603e187f0'),('8cff3abd276c315639e8b7e88389e6fb','ec73b726d55101158b3847374b87b53f','04d7c0de7e22aa608ccca8a6c7a0546f'),('8d01d1e6289e329a8135ccb36738ab3c','ec73b726d55101158b3847374b87b53f','19fb9b27ce7d794ad6db1753c11ec69a'),('8d8c2b3a277b19e09e4209b2bc4304b8','ec73b726d55101158b3847374b87b53f','296cb76a225505efd39f70961c775cfc'),('8f105e7774452e990bbe7af2a8684f57','ec73b726d55101158b3847374b87b53f','54dfacb4cae4bae7f22816a4c2c0809b'),('91a67c7cf248c9359895eb8255b94635','c7293dceac6f85839d6b12c82b9936bf','412830830491efda62c7afaf6b20d43e'),('91b995482f3081858e6d4e1a6ddca6b7','8b7810e4b318a85ec085834f0d078eca','79cdd7bf75ace370a93249e4933f672b'),('9278a6b853cd2b86b60a87927c9ffb2c','ec73b726d55101158b3847374b87b53f','7998d18fc0c7a827b16a30222b4dd08f'),('9296240a0891ecb13c1fd8d0d1be6df1','8b7810e4b318a85ec085834f0d078eca','eb6308fc33f1324978f6638024cc578f'),('94080eec6a58a4b2a96da8686e780cae','ec73b726d55101158b3847374b87b53f','19a0b9c08bea3189881519ac5e6d2e91'),('95121110655845ac7d6b1b390878b7b8','ec73b726d55101158b3847374b87b53f','fabb77fdfb063c9617a0cea012296e1e'),('965bd7141df38b1f4391d27c2b70f4fc','ec73b726d55101158b3847374b87b53f','d875e0ebd83815cd21ebca46abd85b53'),('96b3cc6ef7d41f68612f21673b697e5b','8b7810e4b318a85ec085834f0d078eca','3cc3b0811df92e1d6463a9b75216cca6'),('98e509b376c2d81ec0a5270ec332537b','ec73b726d55101158b3847374b87b53f','915822f6755ec90f66507993ecdc918f'),('99bae16688ba7bbf15375e114fbc0ccc','ec73b726d55101158b3847374b87b53f','96a38e65ee2f991b310bd17ab540e595'),('9adc0b50006e8601e82338aecfa95396','09ef72528ad24d97f156e9c13a3f2392','2fb52fe60b97bd26a88273799f238a3a'),('9b0ff9c69fd504b507d4a775ef372d02','ec73b726d55101158b3847374b87b53f','970da5768b0ecb95db3cd60523512780'),('9b59c0330d55c76e3f421bd6dce56c1f','ee89cd2ab7e215c4230c5e01e326b834','91f283d9d8531675f272a6bfc555c33f'),('9df7c67a85d3be64c7aef239e4aa2b6f','8b7810e4b318a85ec085834f0d078eca','9cd328e830662079ed4512c7b1ffc4d6'),('a02b7d84a8b96ba48c59f985c4a5bb57','ec73b726d55101158b3847374b87b53f','2b131be617b6e94dcb2565f6f20e7fbe'),('a1d8a06d5fa65dca9a51ac9df15600ff','ec73b726d55101158b3847374b87b53f','70fc978615792e0bfacb6fe288443df3'),('a2b90c39cb4831c045f5ee217e72f944','ec73b726d55101158b3847374b87b53f','6e6df96362f8c501f751080975f58d90'),('a341601eca5e3e0d334591736880e987','c7293dceac6f85839d6b12c82b9936bf','042ca87e4070a92725ed59c0ab66d5f1'),('a557c90be0bd1f2a34b5d5470bd11bdb','c7293dceac6f85839d6b12c82b9936bf','764f47290d8f724c3fedf014d9b88b1c'),('a5e8af6347bcd11ad4307f9d04b7765e','ec73b726d55101158b3847374b87b53f','87f84cfec16d57a93007832f02452153'),('a642cb84c5dba931ddf5ac8cb438aa0f','ec73b726d55101158b3847374b87b53f','920fe176e5b2f0fe262ac1ae198f62e6'),('a68fae49c874c40cdfeed8a7ba589144','00b14a36d0682b50109bc85228a4d573','e8c98f55cf8798d38ab038a8aca61d9e'),('a7d8b37b31d99834343374db4b9658d8','ec73b726d55101158b3847374b87b53f','26de73374b9a20016bf8292943cab3c1'),('a9046458dd57a1a2c9295f52c3e60aa5','ec73b726d55101158b3847374b87b53f','f465dfa09dd5520ee4cc857fdb7269c0'),('aac9936efd37ee3fd4f329a2cc89e250','38ea79397348ef1bb6e281a382bcd05f','d4facc378e3fc9ea7476bbf296b29074'),('ab619d7d6e3ce0b559cb5d141bcdb595','8b7810e4b318a85ec085834f0d078eca','2de322d94f174d21024d8d5cbdc51f28'),('adf200d0a6a1177223acad8280d6ae8f','ec73b726d55101158b3847374b87b53f','f8e6394669ad2e3d76e4536a3e7b570f'),('b0786938ec6a5f539b7dee3aa42e5222','ec73b726d55101158b3847374b87b53f','565b3c43791eabf79637136a7b61a073'),('b1acc3eb7f476db806d13669ddc779dc','ec73b726d55101158b3847374b87b53f','c604476109d36661b98d6e2ca728c2ee'),('b25c4b382a1afd5d1dc94362a01754ee','ec73b726d55101158b3847374b87b53f','54c9653219cc6596a02307c237e84c38'),('b45ff7a96420ea314bb5a3960442b3d1','ec73b726d55101158b3847374b87b53f','c6a9ab162ae459675c68071871919cda'),('b51380f3dee75bf69291fb612e41decb','ec73b726d55101158b3847374b87b53f','b7f16e6c2652b9fff33202d34d0a8c36'),('b674d45fc6f1a2c682521fef4670901d','ec73b726d55101158b3847374b87b53f','417b9077aebdf4079e5fabeaf783ed73'),('b71101f96038b6e4ed1f70622205a5d3','ec73b726d55101158b3847374b87b53f','5d5539671eacc92d64292ed93d43c1dd'),('ba6c6ff075640014899b960f8919a47b','ec73b726d55101158b3847374b87b53f','41ecb522410085616329bd4d79874afc'),('bb92129f6a49854506cec52c6406a84f','0fafafaaee0a066f930a0dcceb65f4cb','534d387f823e45a8a11532b784307412'),('bd275242bd9cd8f084e0b01af3a078a1','ec73b726d55101158b3847374b87b53f','f544036cd53835626477146a87870c45'),('bdb8f56b7a45b060f65c4cde47d5589e','ec73b726d55101158b3847374b87b53f','0648b62fdf819356a41f0fbf74455276'),('bec3c38dee64cc684e03a5b37d8b2bdc','ee89cd2ab7e215c4230c5e01e326b834','e27bf9e75a9f3e138503371decc4996b'),('c0f2c1bea4c38f435b2a55d7b27a7a11','8b7810e4b318a85ec085834f0d078eca','0b8b452d444db3caabdd2247e2421051'),('c32d384ff4731296d40efbda6c2b7d85','8b7810e4b318a85ec085834f0d078eca','4352558358d6481011009e898721d4c8'),('c37a60634c9fbe4bcd0a962c310049c6','ec73b726d55101158b3847374b87b53f','252cf4efebcb017c066926d1fd2ffec6'),('c4603f9cb900521db26954e440b42816','ec73b726d55101158b3847374b87b53f','c1a686837ccba4d6585b9e309e05b13f'),('c5bc1014d328b64b11b016ac0103d94a','0fafafaaee0a066f930a0dcceb65f4cb','922541e4b5d0216d54dbfc456cb846b0'),('c721d1b4a6250109001399c551899624','57b48675d5636d21b27760bdc03af51e','103a1b22dc190c56297f8078701e2b4d'),('c79a5c1370d10f2df2e2217800e0f45d','ec73b726d55101158b3847374b87b53f','a0fa15386897a42ca4f2663038fb345b'),('c8171b9fd3b1af5f33121da5422168a5','ec73b726d55101158b3847374b87b53f','df7bd3cb4257b67ecd47731efb55d368'),('c8ae168196867bf531f5eb1b3946f340','ec73b726d55101158b3847374b87b53f','aa53d37c4524fda70f46c64759f2f42f'),('c9f2fc1b3729dc96e9876e9aa755808e','ec73b726d55101158b3847374b87b53f','c52afa380994f27cf67bdb5d982994ec'),('caa6d981fb5fc48ec3a55c3ca63c548b','ec73b726d55101158b3847374b87b53f','a6304dfb5bc85133fb83ea70cd4c397b'),('cb974bf32c6e370ef61b975471fee740','ec73b726d55101158b3847374b87b53f','9e69c756efec695aa0728bb2687d909a'),('cc3d4a0a98ad655bbd5d1247a0d7760a','ec73b726d55101158b3847374b87b53f','bb92da9aa8c36f3d77e8cd8b4251bf4f'),('ccd52b331a2c5072cef576b16363152b','ec73b726d55101158b3847374b87b53f','e16dcf33b9446972d2ee474ab893fcc9'),('cd08a2d3dc76f2835e7afa9ad84ac197','ec73b726d55101158b3847374b87b53f','190ec755d960920a32e22b845e20738e'),('cdf4fe17bdd09bd50e0f64ce9f7c67e4','ec73b726d55101158b3847374b87b53f','6048352b01a9ec2ccba7202f1cd2a97a'),('cdf709f84ea899e16ae1379fa758ba24','0fafafaaee0a066f930a0dcceb65f4cb','2fb52fe60b97bd26a88273799f238a3a'),('ce5669dcbf6278f9bb9a0372f006d919','8b7810e4b318a85ec085834f0d078eca','9a28f94c2f7ac2c415b210259b030726'),('d0592054b49de6f0fd50583ed05c304b','ec73b726d55101158b3847374b87b53f','37a9e90164f69db50982106be0260d9e'),('d0d50f543d5a2778f503ccf1814f643c','8b7810e4b318a85ec085834f0d078eca','8eaaa996f9d536e26afd190a49fe8021'),('d23b84eda91b0782321e61358f2a1260','ec73b726d55101158b3847374b87b53f','e9ea9d5e43c3d9ef41cd8c57e79e0653'),('d2fe1bb6ed5544f49ae6d1977a6c80c9','0fafafaaee0a066f930a0dcceb65f4cb','54e34bf01674654d454745b68b6a8e60'),('d3214ae96d14cdf56b0f503af90ecc9c','ec73b726d55101158b3847374b87b53f','67a749b1e4401e43b0fb0bbebd6ccf30'),('d3bbe83afc53b53b46408af796e39cdc','c7293dceac6f85839d6b12c82b9936bf','1f874f20fb95ae1da6c3ee9effd6fa44'),('d46989d4415c5c37a38f2dd4097d8f53','c7293dceac6f85839d6b12c82b9936bf','11bb0bb199c8f57996646c8d5cc00616'),('d5169f5f6d1dfd1fb27729ecf2a890d8','ec73b726d55101158b3847374b87b53f','730b6a7a1c0483e86735e3a25da138d8'),('d5a91dfcea89ee2539b8474402a183cc','ec73b726d55101158b3847374b87b53f','db288a03ef4381dfa1ded38e43040b58'),('d5c2d10d10d60509cffb675e00dfe77e','ec73b726d55101158b3847374b87b53f','1b50b3efd7c9470e6dd096584ceca9be'),('d60bf3705b9c85311032090d2def5e86','8b7810e4b318a85ec085834f0d078eca','6e9d6fa31e318e6a930fb11833e2ca12'),('d7b5b8d3b4d7f5cf7b7fdac4277817d8','ec73b726d55101158b3847374b87b53f','b7e689bddf4eca816ca1460424907032'),('d93ccb5abbd3954b2b47a5c5d2c78adb','ec73b726d55101158b3847374b87b53f','3534559529e81214deab027f8a981601'),('db6001e471b8741602e25ee81c812463','ec73b726d55101158b3847374b87b53f','8e325cd37bb51dfe18d6c4294d9369cb'),('dc1e41627d87dde3de0d6864f37409d6','ec73b726d55101158b3847374b87b53f','3f394c0552bd1e2fe2ac3dee94ce64ef'),('dda4d72602eecc53e14c1f73095bdb73','ec73b726d55101158b3847374b87b53f','d25bced5b57c017a50fbf515c330ba7a'),('dea6bd567c7e6a34634a048a37edeb00','ec73b726d55101158b3847374b87b53f','3882e007def5c0e84df7b4c3beeb4c1d'),('e0113a433f172949a130fb3ba47b9680','ec73b726d55101158b3847374b87b53f','48e76249345b13f24d5ff8c7a1445ab7'),('e251b17276b89056be734346fe320246','ec73b726d55101158b3847374b87b53f','1a4f49afdf4091b480effe518e6861c2'),('e2dcce564cde2a70a39bd15b5ce8a4c2','ec73b726d55101158b3847374b87b53f','981ff8dce6335b96d7582ef2fc64721e'),('e4021d85a7497de3afd238fbf656549c','ec73b726d55101158b3847374b87b53f','c3df5cc73eaa04bb0e225aa4a869e802'),('e583ed2118e96f663db8678a6a124014','ec73b726d55101158b3847374b87b53f','aa1fba1b82ab75107be1c1c8d2ad7a79'),('e5ec01ae3a461f0d20750f6c520890e8','ec73b726d55101158b3847374b87b53f','1bd8ea2eab691230674f5aab3803b6ee'),('e605326de6de5ec3d5da7969705594a4','ec73b726d55101158b3847374b87b53f','001433466bed22a17c73f7bdf0ca328e'),('e6775f1909f51b0773bc2dccd438d59d','ec73b726d55101158b3847374b87b53f','4196942fab5ecd11879c4bdc734b4f30'),('e701e903a99f54c6f57c017f82214af3','ec73b726d55101158b3847374b87b53f','34ce2236eddde7bf49c58190d3d26e98'),('e78fd694dd0e5d5349fc1a2f222f0bf6','ec73b726d55101158b3847374b87b53f','25419fe930f6832c1c70f087b6bd4111'),('e80010565cfed5acfba366cda3c53f8b','8b7810e4b318a85ec085834f0d078eca','4676f46bc92236944cb9348e4f6c8464'),('e8c5c7a90be86e5d8e35ea1eca36ec40','ec73b726d55101158b3847374b87b53f','0524c46e3c08154b2138d589aceb716a'),('e8cbe71d1c51bf6164fb4893fb4f2fb8','ec73b726d55101158b3847374b87b53f','0d5eb5bb475362b8193b734eb57b3990'),('e9a3bad799cd8129e81c6f93b1275840','ec73b726d55101158b3847374b87b53f','3eab44e9248560863bc0dfa1369fee56'),('e9fa477242c08f01ef8311554ea0428f','ec73b726d55101158b3847374b87b53f','77e0e7ff6e086f509750022c4e054346'),('e9fc0c0abecb4174a4fab9136addb867','ec73b726d55101158b3847374b87b53f','842be5316d4d055f67a270bdc9429318'),('eb07e7feddd50986aa8f91a5e5cd94a9','ec73b726d55101158b3847374b87b53f','a42be891fa1b8ae3a33274c46cca68d9'),('ebbe9bab3999f3b7c92a2ace65e514eb','8b7810e4b318a85ec085834f0d078eca','02951612ddda99201b87e8088e3a7387'),('ecad7e12dc1ffc50f342f4d973090fff','ec73b726d55101158b3847374b87b53f','e87feb62d9b409b12d302f9be708c5e9'),('ed8f282a6387395464a1661363a494bf','ec73b726d55101158b3847374b87b53f','5e4555a7f12a47c2a009dba2d9246848'),('ee7248bd8e9934a3d0afea8a246c36c2','ec73b726d55101158b3847374b87b53f','21fa5b8a981b0e2faccbf37ea7015ea5'),('ef6356d9a3017f6832656e472283a76f','ec73b726d55101158b3847374b87b53f','dced1f7ed876cf2d8fd0c62a10520dd7'),('efc2686cab35ba2776bb39b2a5ae6039','ee89cd2ab7e215c4230c5e01e326b834','6378bfb11115a2a8f4ca83ab14c6f942'),('f2469af420c91c51384249f9814a7db1','ec73b726d55101158b3847374b87b53f','07dd9a9980c70efc67756cbb2b4a456c'),('f2972892e5daa52355c35722d5c9c21f','8b7810e4b318a85ec085834f0d078eca','27d5aae3d40cb3232dd17824bb105d52'),('f3c203e783d17997dcd716621721b6e7','ec73b726d55101158b3847374b87b53f','5aaf346cc9d00a3b736b6c84bb8d8b9e'),('f42d153e7dbfe1100ded4cc423bc4d0c','ec73b726d55101158b3847374b87b53f','1b3bfa6a64a41f58adef2aba4feb1832'),('f5298269c6c053e8a12eae4c421172ba','ec73b726d55101158b3847374b87b53f','8892f6356f9c085034858686c2460364'),('f60566c0b05b49865611ed297df279f7','8b7810e4b318a85ec085834f0d078eca','6590346b86a705b972191912c1ab6913'),('f660fac228163372f3be69915d072d62','38ea79397348ef1bb6e281a382bcd05f','3106c5f7bda5cfc919b1fb87a3c52bc1'),('f778575ef42f7418844dfafeb816154e','ec73b726d55101158b3847374b87b53f','820885858981e994c25cf933488c5213'),('fb1f10dfd41150c3f25caa0d21b8890c','87c232ae2e47d1441616468f2d8fba53','8420cec9903265a268b08cf10af57285'),('fbeff1d807cfa589bd389d2c72572fff','ec73b726d55101158b3847374b87b53f','e7588affef2c4c65ea479fcbe260e64e'),('fd5a8b2bfd1f317614e55c03138cd3c6','8b7810e4b318a85ec085834f0d078eca','1bc605acc13fb48f21bd26bffb5a8ced');
/*!40000 ALTER TABLE `pointer_address_label_t` ENABLE KEYS */;
UNLOCK TABLES;

--
-- Table structure for table `pointer_address_t`
--

DROP TABLE IF EXISTS `pointer_address_t`;
/*!40101 SET @saved_cs_client     = @@character_set_client */;
/*!40101 SET character_set_client = utf8 */;
CREATE TABLE `pointer_address_t` (
  `id` varchar(32) NOT NULL,
  `user_id` varchar(45) DEFAULT NULL,
  `code` varchar(45) DEFAULT NULL,
  `state` varchar(40) DEFAULT NULL,
  `type` varchar(20) NOT NULL,
  `organization_id` varchar(45) DEFAULT NULL,
  `version` int(11) NOT NULL DEFAULT '1',
  `name` varchar(45) NOT NULL,
  `address` varchar(200) NOT NULL,
  `lng` decimal(10,6) NOT NULL,
  `lat` decimal(10,6) NOT NULL,
  `fence` text,
  `province` varchar(45) NOT NULL,
  `province_name` varchar(45) NOT NULL,
  `city` varchar(45) NOT NULL,
  `city_name` varchar(45) NOT NULL,
  `district` varchar(45) NOT NULL,
  `district_name` varchar(45) NOT NULL,
  `created_user_id` varchar(45) DEFAULT NULL,
  `created_user_name` varchar(45) DEFAULT NULL,
  `created_time` datetime NOT NULL,
  `last_updated_user_id` varchar(45) DEFAULT NULL,
  `last_updated_user_name` varchar(45) DEFAULT NULL,
  `updated_time` datetime NOT NULL,
  PRIMARY KEY (`id`)
) ENGINE=InnoDB DEFAULT CHARSET=utf8;
/*!40101 SET character_set_client = @saved_cs_client */;

--
-- Dumping data for table `pointer_address_t`
--

LOCK TABLES `pointer_address_t` WRITE;
/*!40000 ALTER TABLE `pointer_address_t` DISABLE KEYS */;
INSERT INTO `pointer_address_t` VALUES ('2fb52fe60b97bd26a88273799f238a3a','xxx',NULL,'waitEstimate','chance','organizationId',2,'ÊúâÂæ∑ÂÆ∂Ëãë2Âè∑Èô¢','Âåó‰∫¨Â∏ÇÂ§ßÂÖ¥Âå∫ÊóßÂÆ´ÈïáÊúâÂæ∑ÂÆ∂Ëãë2Âè∑Èô¢',116.428245,39.787781,'116.426614,39.789545;116.426915,39.785885;116.432494,39.785918;116.431635,39.79093','110000','Âåó‰∫¨Â∏Ç','110100','Âåó‰∫¨Â∏ÇÂ∏ÇËæñÂå∫','110115','Â§ßÂÖ¥Âå∫',NULL,NULL,'2019-07-19 23:33:08',NULL,NULL,'2019-07-19 23:35:37'),('f8e6394669ad2e3d76e4536a3e7b570f','xxx',NULL,'waitEstimate','chance','organizationId',2,'ÂçóËãëÊú∫Âú∫ÂÆ∂Â±ûÂå∫','Âåó‰∫¨Â∏Ç‰∏∞Âè∞Âå∫ÂçóËãëË°óÈÅìÂçóËãëÊú∫Âú∫ÂÆ∂Â±ûÂå∫',116.410860,39.794081,'','110000','Âåó‰∫¨Â∏Ç','110100','Âåó‰∫¨Â∏ÇÂ∏ÇËæñÂå∫','110106','‰∏∞Âè∞Âå∫',NULL,NULL,'2019-07-19 23:39:27',NULL,NULL,'2019-07-19 23:43:31');
/*!40000 ALTER TABLE `pointer_address_t` ENABLE KEYS */;
UNLOCK TABLES;

--
-- Table structure for table `share_pointer_address_t`
--

DROP TABLE IF EXISTS `share_pointer_address_t`;
/*!40101 SET @saved_cs_client     = @@character_set_client */;
/*!40101 SET character_set_client = utf8 */;
CREATE TABLE `share_pointer_address_t` (
  `id` varchar(32) NOT NULL,
  `name` varchar(45) NOT NULL,
  `address` varchar(200) NOT NULL,
  `lng` decimal(10,6) NOT NULL,
  `lat` decimal(10,6) NOT NULL,
  `fence` text,
  `province` varchar(45) NOT NULL,
  `province_name` varchar(45) NOT NULL,
  `city` varchar(45) NOT NULL,
  `city_name` varchar(45) NOT NULL,
  `district` varchar(45) NOT NULL,
  `district_name` varchar(45) NOT NULL,
  `created_user_id` varchar(45) DEFAULT NULL,
  `created_user_name` varchar(45) DEFAULT NULL,
  `created_time` datetime NOT NULL,
  `last_updated_user_id` varchar(45) DEFAULT NULL,
  `last_updated_user_name` varchar(45) DEFAULT NULL,
  `updated_time` datetime NOT NULL,
  PRIMARY KEY (`id`)
) ENGINE=InnoDB DEFAULT CHARSET=utf8;
/*!40101 SET character_set_client = @saved_cs_client */;

--
-- Dumping data for table `share_pointer_address_t`
--

LOCK TABLES `share_pointer_address_t` WRITE;
/*!40000 ALTER TABLE `share_pointer_address_t` DISABLE KEYS */;
INSERT INTO `share_pointer_address_t` VALUES ('001433466bed22a17c73f7bdf0ca328e','ÂòâÁ¶æÂ∫Ñ','Âåó‰∫¨Â∏Ç‰∏∞Âè∞Âå∫Âíå‰πâË°óÈÅìÂòâÁ¶æÂ∫Ñ',116.396701,39.812437,'116.39620921209456,39.8129817157507;116.39623066976668,39.81275096087475;116.39581224516036,39.81275920213368;116.39588734701277,39.81201748487467;116.39707824781539,39.81192682999414;116.39744302824141,39.81192682999414;116.39747521474959,39.81284161466841;116.39679929807784,39.812940509579654','110000','Âåó‰∫¨Â∏Ç','110100','Âåó‰∫¨Â∏ÇÂ∏ÇËæñÂå∫','110106','‰∏∞Âè∞Âå∫',NULL,NULL,'2019-07-19 23:24:49',NULL,NULL,'2019-07-19 23:24:49'),('01b2c90c52a634ac7258cf3c61256c6a','ÊúâÂæ∑ÂÆ∂Ëãë2Âè∑Èô¢','Âåó‰∫¨Â∏ÇÂ§ßÂÖ¥Âå∫ÊóßÂÆ´ÈïáÊúâÂæ∑ÂÆ∂Ëãë2Âè∑Èô¢',116.428019,39.787716,'116.42719409734008,39.78825357542331;116.42745158940556,39.78648929490961;116.42812750607732,39.787000446255576;116.42878196507695,39.78765174650066;116.4291252878308,39.788476168348666;116.42907164365056,39.78850914501711;116.42725847035649,39.78831128476939','110000','Âåó‰∫¨Â∏Ç','110100','Âåó‰∫¨Â∏ÇÂ∏ÇËæñÂå∫','110115','Â§ßÂÖ¥Âå∫',NULL,NULL,'2019-07-19 23:24:56',NULL,NULL,'2019-07-19 23:24:56'),('01c4461421a8fcef166adb31d3b57a55','Êó∂ÁèçÂ†ÇÂåªÈô¢','Âåó‰∫¨Â∏Ç‰∏∞Âè∞Âå∫Ëä±‰π°‰π°Êó∂ÁèçÂ†ÇÂåªÈô¢',116.294160,39.809638,'116.29237554341557,39.81041040335732;116.29552982121709,39.81081423763192;116.29574439793822,39.80895163529696;116.29488609105351,39.80879504253543;116.29451058179143,39.80859724064264;116.29451058179143,39.80851482301936;116.29340551167724,39.808292294942895;116.29279396802184,39.809157677860775','110000','Âåó‰∫¨Â∏Ç','110100','Âåó‰∫¨Â∏ÇÂ∏ÇËæñÂå∫','110106','‰∏∞Âè∞Âå∫',NULL,NULL,'2019-07-19 23:25:02',NULL,NULL,'2019-07-19 23:25:02'),('02951612ddda99201b87e8088e3a7387','Âåó‰∫¨Êµ∑Âì•ÈÄö‰ø°‰∫ß‰∏öÂõ≠ÁßëÁ†îÊ•º','Âåó‰∫¨Â∏Ç‰∏∞Âè∞Âå∫Ëä±‰π°‰π°Âåó‰∫¨Êµ∑Ê†ºÈÄö‰ø°‰∫ß‰∏öÂõ≠ÁßëÁ†îÊ•º',116.306964,39.821921,'116.30566857129338,39.82250791838652;116.30566857129338,39.82134605594804;116.30822203427556,39.821271893848795;116.30822203427556,39.82212063308982;116.30820057660344,39.822565598988625','110000','Âåó‰∫¨Â∏Ç','110100','Âåó‰∫¨Â∏ÇÂ∏ÇËæñÂå∫','110106','‰∏∞Âè∞Âå∫',NULL,NULL,'2019-07-19 23:25:08',NULL,NULL,'2019-07-19 23:25:08'),('03423287a61d73f70f9cc388fe3e90a5','Âú∞ÈìÅÊñáÂåñÂÖ¨Âõ≠','Âåó‰∫¨Â∏ÇÂ§ßÂÖ¥Âå∫Ë•øÁ∫¢Èó®ÈïáÂú∞ÈìÅÊñáÂåñÂÖ¨Âõ≠',116.325955,39.781576,'116.32501800566911,39.7802821563197;116.32498581916093,39.78099123564561;116.32687409430741,39.78094176523204;116.32757146865129,39.780958255373854;116.3275392821431,39.78055424576214;116.32728179007768,39.78041407860797;116.32728179007768,39.78004304652763;116.32962067633866,39.780018310984474;116.3292129805684,39.78221973950788;116.32891257315873,39.782376392786134;116.32690628081559,39.78263198421134;116.32282932311296,39.78301949198069;116.32259328871964,39.783011247157255;116.32249672919511,39.78250831105964;116.3225503733754,39.78153540784747;116.3228185942769,39.78090053986024;116.32322629004716,39.78058722622751;116.32380564719438,39.78035636263797;116.32380564719438,39.78035636263797;116.32380564719438,39.78035636263797','110000','Âåó‰∫¨Â∏Ç','110100','Âåó‰∫¨Â∏ÇÂ∏ÇËæñÂå∫','110115','Â§ßÂÖ¥Âå∫',NULL,NULL,'2019-07-19 23:24:34',NULL,NULL,'2019-07-19 23:24:34'),('03a10a3f242a8529f299aa22398cd30f','Âíå‰πâ‰∏úÈáå1Âå∫','Âåó‰∫¨Â∏Ç‰∏∞Âè∞Âå∫Âíå‰πâË°óÈÅìÂíå‰πâ‰∏úÈáåÁ§æÂå∫',116.408554,39.814351,'116.40757105350497,39.81566006079086;116.4076783418655,39.81376462521641;116.40800020694729,39.813739901798364;116.40798947811129,39.813352567087904;116.40881559848788,39.81334432590015;116.408847784996,39.81323719036927;116.40994212627413,39.81325367276948;116.40987775325777,39.814044823332786;116.40896580219265,39.81403658222801;116.40894434452059,39.81461345717544;116.40916965007779,39.8154210739678;116.40813968181612,39.81561885622549','110000','Âåó‰∫¨Â∏Ç','110100','Âåó‰∫¨Â∏ÇÂ∏ÇËæñÂå∫','110106','‰∏∞Âè∞Âå∫',NULL,NULL,'2019-07-19 23:24:48',NULL,NULL,'2019-07-19 23:24:48'),('03c15ce64a3e5b55433f76bd4147e060','È∏øÂù§ÁêÜÊÉ≥Âüé7Êúü','Âåó‰∫¨Â∏ÇÂ§ßÂÖ¥Âå∫Ë•øÁ∫¢Èó®ÈïáÊòüÂÖâ‰Ω≥Âõ≠È∏øÂù§¬∑ÁêÜÊÉ≥Âüé7Êúü',116.344706,39.788606,'116.34399731665849,39.78931824838826;116.34567101508378,39.78913687864936;116.34539206534623,39.787933230993445;116.34384711295365,39.787999184835;116.34394367247819,39.789013217189606','110000','Âåó‰∫¨Â∏Ç','110100','Âåó‰∫¨Â∏ÇÂ∏ÇËæñÂå∫','110115','Â§ßÂÖ¥Âå∫',NULL,NULL,'2019-07-19 23:24:31',NULL,NULL,'2019-07-19 23:24:31'),('040aa6c548789159d203e6d7e15faf82','Ê¢ÖÂõ≠ÂçóÈáå','Âåó‰∫¨Â∏ÇÂ§ßÂÖ¥Âå∫ÊóßÂÆ´ÈïáËèäÊ∫êÂåóÈáå',116.423309,39.791531,'116.42130395829673,39.793414243240534;116.42213007867338,39.793480191827335;116.42260214746,39.79147697529394;116.42573496758934,39.7916583388633;116.4256276792288,39.79225188901975;116.42597100198265,39.7921694518043;116.42623922288419,39.79090815008841;116.42177602708335,39.790438247457885','110000','Âåó‰∫¨Â∏Ç','110100','Âåó‰∫¨Â∏ÇÂ∏ÇËæñÂå∫','110115','Â§ßÂÖ¥Âå∫',NULL,NULL,'2019-07-19 23:24:58',NULL,NULL,'2019-07-19 23:24:58'),('042ca87e4070a92725ed59c0ab66d5f1','‰πêÂÆ∂Ë¥≠Áâ©‰∏≠ÂøÉ','Âåó‰∫¨Â∏ÇÂ§ßÂÖ¥Âå∫Ë•øÁ∫¢Èó®ÈïáÂÆèÈÉΩË∑Ø58Âè∑‰πêÂÆ∂family',116.332837,39.799448,'116.33102080687883,39.79934111892008;116.33325240477916,39.800709421220546;116.33387467727067,39.80021485726584;116.33383176192643,39.79937409037998;116.33466861113908,39.79925869020121;116.3337888465822,39.798648714610906;116.33308074340226,39.79874762993903;116.33258721694352,39.798384939707034;116.33181474074723,39.79879708754975','110000','Âåó‰∫¨Â∏Ç','110100','Âåó‰∫¨Â∏ÇÂ∏ÇËæñÂå∫','110115','Â§ßÂÖ¥Âå∫',NULL,NULL,'2019-07-19 23:24:36',NULL,NULL,'2019-07-19 23:24:36'),('04d7c0de7e22aa608ccca8a6c7a0546f','Âåó‰∫¨ÊñπÂêë','Âåó‰∫¨Â∏Ç‰∏∞Âè∞Âå∫Ëä±‰π°‰π°Âåó‰∫¨ÊñπÂêë',116.300454,39.813100,'116.29896304741504,39.81417668499524;116.29945657387378,39.811852658760415;116.30173108711841,39.811852658760415;116.30168817177417,39.81429206013688;116.29909179344776,39.81425909583046','110000','Âåó‰∫¨Â∏Ç','110100','Âåó‰∫¨Â∏ÇÂ∏ÇËæñÂå∫','110106','‰∏∞Âè∞Âå∫',NULL,NULL,'2019-07-19 23:25:01',NULL,NULL,'2019-07-19 23:25:01'),('04fdf57165b1fd16fcc04981a67bd21b','ÁªøÊûóËãëÂ∞èÂå∫','Âåó‰∫¨Â∏ÇÂ§ßÂÖ¥Âå∫Ë•øÁ∫¢Èó®ÈïáÁªøÊûóËãë',116.366164,39.795940,'116.36442502319812,39.79692710144926;116.36492927849292,39.79450357080263;116.3656266528368,39.79458600522072;116.3655730086565,39.794816821065865;116.36627038300037,39.7948497946948;116.3669784861803,39.79499817582937;116.36710723221302,39.79477560400748;116.36792262375354,39.794891011708735;116.3674290972948,39.7972650700266','110000','Âåó‰∫¨Â∏Ç','110100','Âåó‰∫¨Â∏ÇÂ∏ÇËæñÂå∫','110115','Â§ßÂÖ¥Âå∫',NULL,NULL,'2019-07-19 23:24:36',NULL,NULL,'2019-07-19 23:24:36'),('050d99245e8ea7f5a0f3e3d22b185139','Áø†Êµ∑ÊòéËãë','Âåó‰∫¨Â∏Ç‰∏∞Âè∞Âå∫ÂçóËãëË°óÈÅìÁø†Êµ∑ÊòéËãë',116.360486,39.809987,'116.35832569599148,39.811135649902;116.35835788249972,39.809701622111085;116.36013886928555,39.80973458860313;116.36021397113802,39.808292289791765;116.36185548305514,39.80839119124801;116.36189839839938,39.80870437825414;116.36210224628451,39.808729103483344;116.36207005977627,39.810781266506694;116.3618125677109,39.810805990988904;116.36180183887484,39.81120158149492;116.35967752933504,39.81116861570636','110000','Âåó‰∫¨Â∏Ç','110100','Âåó‰∫¨Â∏ÇÂ∏ÇËæñÂå∫','110106','‰∏∞Âè∞Âå∫',NULL,NULL,'2019-07-19 23:24:40',NULL,NULL,'2019-07-19 23:24:40'),('0524c46e3c08154b2138d589aceb716a','Â§ßÁ∫¢Èó®Èî¶Âõ≠AÂå∫','Âåó‰∫¨Â∏Ç‰∏∞Âè∞Âå∫Âíå‰πâË°óÈÅìÂ§ßÁ∫¢Èó®Èî¶ËãëÂ∞èÂå∫AÂå∫',116.417950,39.818338,'116.41620776519181,39.81991224117807;116.41908309325578,39.8199616835647;116.41953370437028,39.818659688851156;116.41895434722306,39.81859376441207;116.41964099273088,39.81658303864149;116.41713044509288,39.81658303864149;116.41717336043718,39.817324706634004;116.41657254561784,39.817324706634004;116.4165296302736,39.81788507269799;116.41695878371598,39.81800044161457;116.41687295302751,39.81839599071541;116.416422341913,39.818379509548315','110000','Âåó‰∫¨Â∏Ç','110100','Âåó‰∫¨Â∏ÇÂ∏ÇËæñÂå∫','110106','‰∏∞Âè∞Âå∫',NULL,NULL,'2019-07-19 23:24:51',NULL,NULL,'2019-07-19 23:24:51'),('0648b62fdf819356a41f0fbf74455276','ÂçéËã±Âõ≠9Âè∑Èô¢','Âåó‰∫¨Â∏Ç‰∏∞Âè∞Âå∫Ëä±‰π°‰π°ÂçéËã±Âõ≠9Âè∑Èô¢',116.291993,39.815133,'116.29131338864562,39.815783677429124;116.29130265980956,39.81495958291026;116.29139921933415,39.814943100919095;116.29145286351445,39.81432502339732;116.29242918759587,39.81430854125403;116.29239700108764,39.81509967967558;116.2928476122022,39.81505847477424;116.29282615453008,39.81582488189569','110000','Âåó‰∫¨Â∏Ç','110100','Âåó‰∫¨Â∏ÇÂ∏ÇËæñÂå∫','110106','‰∏∞Âè∞Âå∫',NULL,NULL,'2019-07-19 23:25:02',NULL,NULL,'2019-07-19 23:25:02'),('0684fc9b18a0abb2ccc08674789da2cd','ÂÆúÂÆ∂ËçüËÅöË¥≠Áâ©‰∏≠ÂøÉ','Âåó‰∫¨Â∏ÇÂ§ßÂÖ¥Âå∫Ë•øÁ∫¢Èó®Èïá‰∫¨ÂçóÁ¨¨‰∏ÄÊ∂Æ(Âåó‰∫¨ËçüËÅöË•øÁ∫¢Èó®Ë¥≠Áâ©‰∏≠ÂøÉ)ËçüËÅöË¥≠Áâ©‰∏≠ÂøÉ(Ë•øÁ∫¢Èó®Â∫ó)',116.326316,39.787996,'116.32273276358842,39.79010967438048;116.32720668822526,39.79023333386929;116.327700214684,39.79030752945588;116.32841904669999,39.789986014669346;116.32893403083085,39.78518784624814;116.32877309828996,39.78511364514;116.32771094352006,39.785229069051375;116.32511456519364,39.785517627982685;116.32503946334123,39.787586972287976;116.32508237868547,39.788287732148355;116.32280786544084,39.788287732148355','110000','Âåó‰∫¨Â∏Ç','110100','Âåó‰∫¨Â∏ÇÂ∏ÇËæñÂå∫','110115','Â§ßÂÖ¥Âå∫',NULL,NULL,'2019-07-19 23:24:35',NULL,NULL,'2019-07-19 23:24:35'),('07dd9a9980c70efc67756cbb2b4a456c','Êñ∞ÂÆ´ÂÆ∂Âõ≠ÂçóÂå∫','Âåó‰∫¨Â∏Ç‰∏∞Âè∞Âå∫ÂçóËãë‰π°Êñ∞ÂÆ´ÂÆ∂Âõ≠ÂçóÂå∫',116.362692,39.810293,'116.36182329654696,39.811234547267645;116.36184475421908,39.81057522880908;116.36205933094027,39.81046808896229;116.36208078861239,39.809297781300366;116.36342189311983,39.809281297951586;116.36338970661166,39.81121806438328','110000','Âåó‰∫¨Â∏Ç','110100','Âåó‰∫¨Â∏ÇÂ∏ÇËæñÂå∫','110106','‰∏∞Âè∞Âå∫',NULL,NULL,'2019-07-19 23:24:40',NULL,NULL,'2019-07-19 23:24:40'),('0a580a5de6582cbc9bc9bca0d7a3fd49','ËèäÊ∫êÂåóÈáå','Âåó‰∫¨Â∏Ç‰∏∞Âè∞Âå∫‰∏úÈ´òÂú∞Ë°óÈÅìËèäÊ∫êÂåóÈáå',116.420917,39.792049,'116.42188332349065,39.79022803197328;116.42064414292577,39.790157958284844;116.42012379437688,39.7930762608929;116.41998431950805,39.793805817200145;116.42119667798278,39.79400366164463;116.42154536515477,39.7917366599546','110000','Âåó‰∫¨Â∏Ç','110100','Âåó‰∫¨Â∏ÇÂ∏ÇËæñÂå∫','110106','‰∏∞Âè∞Âå∫',NULL,NULL,'2019-07-19 23:24:58',NULL,NULL,'2019-07-19 23:24:58'),('0a7c7140f953d77c5228a56b2ae2c694','ÊùæÊûóÂ∫ÑÂ∞èÂå∫','Âåó‰∫¨Â∏Ç‰∏∞Âè∞Âå∫Âíå‰πâË°óÈÅìÊùæÊûóÂ∫ÑÂ∞èÂå∫',116.393788,39.817796,'116.39337680205705,39.81829298232623;116.39317831858995,39.817390631260366;116.39329097136857,39.817291742751976;116.39413318499925,39.81727526132008;116.39442822799089,39.81824353873901;116.39412245616319,39.81828474173082','110000','Âåó‰∫¨Â∏Ç','110100','Âåó‰∫¨Â∏ÇÂ∏ÇËæñÂå∫','110106','‰∏∞Âè∞Âå∫',NULL,NULL,'2019-07-19 23:24:50',NULL,NULL,'2019-07-19 23:24:50'),('0b8b452d444db3caabdd2247e2421051','Âåó‰∫¨ÊåØËøúÊä§Âç´Á¨¨‰∏ÄÂü∫Âú∞','Âåó‰∫¨Â∏ÇÂ§ßÂÖ¥Âå∫Ë•øÁ∫¢Èó®ÈïáÂÆèÂ§ß‰∏≠Âõ≠',116.335912,39.797010,'116.33492072001098,39.79755357538258;116.33523722067474,39.79741756440829;116.33543570414184,39.7974093213103;116.3353820599616,39.79617696704527;116.3364978589118,39.79616460217487;116.33651931658386,39.79772255833957;116.33545716181402,39.797730801400014;116.3351943053305,39.79786681175483;116.33493681326513,39.79766897842254','110000','Âåó‰∫¨Â∏Ç','110100','Âåó‰∫¨Â∏ÇÂ∏ÇËæñÂå∫','110115','Â§ßÂÖ¥Âå∫',NULL,NULL,'2019-07-19 23:24:26',NULL,NULL,'2019-07-19 23:24:26'),('0d5eb5bb475362b8193b734eb57b3990','Á∫¢ÊòüÂåóÈáåÂ∞èÂå∫','Âåó‰∫¨Â∏ÇÂ§ßÂÖ¥Âå∫ÊóßÂÆ´ÈïáÁ∫¢ÊòüÂåóÈáåÂ∞èÂå∫Á∫¢ÊòüÂåóÈáåÂ∞èÂå∫(ÂçóÂú∫Ë∑Ø)',116.425998,39.808354,'116.42298838824036,39.80987469910859;116.42412564486267,39.808399436120276;116.42485520571472,39.80834174362834;116.42476937502624,39.80663567233971;116.42565986841919,39.80661094635761;116.42572424143555,39.80703952878832;116.4287605020404,39.80699831905531;116.42884633272882,39.807616462456856;116.42644307345154,39.809784041402175;116.42454406946894,39.809891182315084;116.42319223612549,39.80992414871625','110000','Âåó‰∫¨Â∏Ç','110100','Âåó‰∫¨Â∏ÇÂ∏ÇËæñÂå∫','110115','Â§ßÂÖ¥Âå∫',NULL,NULL,'2019-07-19 23:24:53',NULL,NULL,'2019-07-19 23:24:53'),('0e986bdc3ba8ba6a795e30cfb9d1c074','Âíå‰πâË•øÈáå3Âå∫','Âåó‰∫¨Â∏Ç‰∏∞Âè∞Âå∫Âíå‰πâË°óÈÅìÂíå‰πâË•øÈáåÂ∞èÂå∫',116.396045,39.814516,'116.3943423946202,39.81542931799693;116.39728209570052,39.81540459517767;116.39804384306075,39.81364101112765;116.39450332716109,39.81368221687876;116.39438530996443,39.81460521922926;116.39433166578414,39.815050233791005','110000','Âåó‰∫¨Â∏Ç','110100','Âåó‰∫¨Â∏ÇÂ∏ÇËæñÂå∫','110106','‰∏∞Âè∞Âå∫',NULL,NULL,'2019-07-19 23:24:49',NULL,NULL,'2019-07-19 23:24:49'),('0ee15c572eaee7206b92fd16874a8fe6','‰πÖÊï¨‰Ω≥Âõ≠2Âå∫','Âåó‰∫¨Â∏Ç‰∏∞Âè∞Âå∫Âíå‰πâË°óÈÅì‰πÖÊï¨‰Ω≥Âõ≠‰πÖÊï¨‰Ω≥Âõ≠2Âå∫',116.408152,39.819492,'116.40989920958879,39.82072803291863;116.40849373206498,39.820736273221044;116.40796801909806,39.82050554437983;116.40765688285234,39.82030777618502;116.40733501777055,39.82002760360144;116.40706679686906,39.81963206389171;116.40691659316423,39.81914587654618;116.40683076247575,39.81887393975123;116.40556475982072,39.81889042079973;116.4054896579683,39.81828885996852;116.4067771182954,39.81809108539438;116.40679857596757,39.81851135568408;116.4076139675081,39.81851135568408;116.40762469634416,39.81890690184429;116.40988848075273,39.81886569922549','110000','Âåó‰∫¨Â∏Ç','110100','Âåó‰∫¨Â∏ÇÂ∏ÇËæñÂå∫','110106','‰∏∞Âè∞Âå∫',NULL,NULL,'2019-07-19 23:24:50',NULL,NULL,'2019-07-19 23:24:50'),('103a1b22dc190c56297f8078701e2b4d','ÂçóËãëÊú∫Âú∫','Âåó‰∫¨Â∏Ç‰∏∞Âè∞Âå∫ÂçóËãëË°óÈÅìÂåó‰∫¨ÂçóËãëÊú∫Âú∫',116.394085,39.784953,'116.38630111724137,39.80212009075105;116.39531333953141,39.802317911278806;116.3957424929738,39.79704250244927;116.3972016146779,39.79704250244927;116.3972016146779,39.79783383957231;116.39951904326676,39.797701950684115;116.3997765353322,39.79572358701035;116.40209396392106,39.79506411980627;116.40243728667497,39.792821884016426;116.39934738188981,39.79255808676513;116.39951904326676,39.78906267767814;116.39565666228532,39.78873291293582;116.39591415435075,39.78484156960335;116.3975449374318,39.78411604057203;116.39883239775895,39.76584337856483;116.39136512786149,39.76511764924599;116.3905926516652,39.772968314721076;116.39093597441911,39.77323218708402;116.38990600615739,39.79097528201228;116.38964851409196,39.79717439260211;116.38733108550309,39.797306282501985;116.38733108550309,39.79941648650235;116.38647277861833,39.799680257449715','110000','Âåó‰∫¨Â∏Ç','110100','Âåó‰∫¨Â∏ÇÂ∏ÇËæñÂå∫','110106','‰∏∞Âè∞Âå∫',NULL,NULL,'2019-07-19 23:24:41',NULL,NULL,'2019-07-19 23:24:41'),('11bb0bb199c8f57996646c8d5cc00616','‰∏ñÁïå‰πãËä±ÂÅáÊó•ÂπøÂú∫','Âåó‰∫¨Â∏ÇÂ§ßÂÖ¥Âå∫ÊóßÂÆ´Èïá‰∏ñÁïå‰πãËä±ÂÅáÊó•ÂπøÂú∫',116.422334,39.818740,'116.41925475463273,39.82029129856655;116.42026326522233,39.81735766947014;116.42062804564836,39.817077484859134;116.4210142837465,39.816978595900174;116.42607829436662,39.81783562881732;116.42391106948259,39.820208894964296;116.42079970702531,39.82029129856655','110000','Âåó‰∫¨Â∏Ç','110100','Âåó‰∫¨Â∏ÇÂ∏ÇËæñÂå∫','110115','Â§ßÂÖ¥Âå∫',NULL,NULL,'2019-07-19 23:24:51',NULL,NULL,'2019-07-19 23:24:51'),('11c4f114fe4a32fd4be1fceb985ea8b6','È∏øÂù§Êõ¶ÊúõÂ±±','Âåó‰∫¨Â∏ÇÂ§ßÂÖ¥Âå∫Ë•øÁ∫¢Èó®ÈïáÈ∏øÂù§¬∑Êõ¶ÊúõÂ±±',116.340605,39.786557,'116.33898695021867,39.78762819365382;116.33918006926774,39.78541869362831;116.34148676902055,39.78539396001747;116.34157259970902,39.78624314223484;116.34246309310197,39.78618543115393;116.34247382193803,39.78742208657763','110000','Âåó‰∫¨Â∏Ç','110100','Âåó‰∫¨Â∏ÇÂ∏ÇËæñÂå∫','110115','Â§ßÂÖ¥Âå∫',NULL,NULL,'2019-07-19 23:24:32',NULL,NULL,'2019-07-19 23:24:32'),('1358d5375e8e27dd7ce8da8366ecaf68','Âíå‰πâË•øÈáå2Âå∫','Âåó‰∫¨Â∏Ç‰∏∞Âè∞Âå∫Âíå‰πâË°óÈÅìÂíå‰πâË•øÈáåÂ∞èÂå∫',116.397969,39.815711,'116.39928838804366,39.81718461543418;116.39829060629012,39.81734118908414;116.39749667242171,39.81706100440596;116.3976576049626,39.81669841077387;116.39718553617598,39.816607762066965;116.3969280441105,39.81665720683099;116.3961448390782,39.81637701936438;116.39598390653731,39.81674785547273;116.39500758245589,39.81645118674612;116.39552256658675,39.81542931799693;116.39729282453652,39.815421077058176;116.39802238538863,39.81368221687876;116.39994284704329,39.81363276997448;116.39995357587935,39.81395417421644;116.39880559042098,39.81402010310593;116.39863392904402,39.814300300180875;116.39920255735518,39.81448984461328;116.39889142110945,39.81509143869729;116.4001252372563,39.81549524547148;116.3998355586827,39.816022662991344;116.39981410101058,39.81639350101169','110000','Âåó‰∫¨Â∏Ç','110100','Âåó‰∫¨Â∏ÇÂ∏ÇËæñÂå∫','110106','‰∏∞Âè∞Âå∫',NULL,NULL,'2019-07-19 23:24:49',NULL,NULL,'2019-07-19 23:24:49'),('1525b1932acf06acd8ccef1e89156f44','‰∏≠Êµ∑‰πùÂè∑ÂÖ¨È¶Ü2Âå∫','Âåó‰∫¨Â∏Ç‰∏∞Âè∞Âå∫Ëä±‰π°‰π°‰∏≠Êµ∑‰πùÂè∑ÂÖ¨È¶Ü2Âå∫',116.295758,39.818068,'116.29383466377857,39.81913764120335;116.29379174843433,39.81683026425517;116.29449985161426,39.81686322732842;116.29799745216968,39.817225820090975;116.29761121407154,39.819203565120695;116.29625938072803,39.81918708414728','110000','Âåó‰∫¨Â∏Ç','110100','Âåó‰∫¨Â∏ÇÂ∏ÇËæñÂå∫','110106','‰∏∞Âè∞Âå∫',NULL,NULL,'2019-07-19 23:25:02',NULL,NULL,'2019-07-19 23:25:02'),('190ec755d960920a32e22b845e20738e','Âíå‰πâ‰∏úÈáå3Âå∫','Âåó‰∫¨Â∏Ç‰∏∞Âè∞Âå∫Âíå‰πâË°óÈÅìÂíå‰πâ‰∏úÈáåÁ§æÂå∫',116.406625,39.814807,'116.40562913417813,39.81599793729521;116.4071633577347,39.81575071074774;116.4076139688492,39.81560237439241;116.4076783418655,39.81378110749016;116.40603682994845,39.81371517837141;116.40579006671902,39.81408602884179;116.40560767650607,39.814621698211035;116.40551111698153,39.8151079175625;116.40589735507967,39.81513264048851;116.40583298206332,39.81533866452581;116.40558621883389,39.81536338736879','110000','Âåó‰∫¨Â∏Ç','110100','Âåó‰∫¨Â∏ÇÂ∏ÇËæñÂå∫','110106','‰∏∞Âè∞Âå∫',NULL,NULL,'2019-07-19 23:24:48',NULL,NULL,'2019-07-19 23:24:48'),('19a0b9c08bea3189881519ac5e6d2e91','Êò•Êù•Âõ≠Â∞èÂå∫','Âåó‰∫¨Â∏Ç‰∏∞Âè∞Âå∫Ëä±‰π°‰π°Âåó‰∫¨Â∏ÇÊò•Êù•Âõ≠',116.298148,39.792706,'116.29710695743563,39.79361209087219;116.29771850109103,39.79378520527979;116.29789016246798,39.793331809478964;116.29859826564791,39.79349668102505;116.29923126697537,39.7921117477556;116.29853389263155,39.79191389786944;116.29854462146756,39.79180672894348;116.29792234897616,39.791666584711486','110000','Âåó‰∫¨Â∏Ç','110100','Âåó‰∫¨Â∏ÇÂ∏ÇËæñÂå∫','110106','‰∏∞Âè∞Âå∫',NULL,NULL,'2019-07-19 23:25:04',NULL,NULL,'2019-07-19 23:25:04'),('19fb9b27ce7d794ad6db1753c11ec69a','‰πÖÊï¨‰Ω≥Âõ≠1Âå∫','Âåó‰∫¨Â∏Ç‰∏∞Âè∞Âå∫Âíå‰πâË°óÈÅì‰πÖÊï¨‰Ω≥Âõ≠‰πÖÊï¨‰Ω≥Âõ≠1Âå∫',116.407964,39.820851,'116.40742084845897,39.821749822883014;116.40725991591808,39.82071979261523;116.40630504950883,39.82072803291863;116.40629432067271,39.81965678519028;116.40703461036088,39.81965678519028;116.40731356009843,39.8201182477976;116.40787145957353,39.820522025037015;116.4084615455568,39.82076099412238;116.4099206672609,39.820785715014814;116.40999576911332,39.821469656178834','110000','Âåó‰∫¨Â∏Ç','110100','Âåó‰∫¨Â∏ÇÂ∏ÇËæñÂå∫','110106','‰∏∞Âè∞Âå∫',NULL,NULL,'2019-07-19 23:24:50',NULL,NULL,'2019-07-19 23:24:50'),('1a4f49afdf4091b480effe518e6861c2','ÂÖ¨Âõ≠ÊáøÂ∫ú','Âåó‰∫¨Â∏Ç‰∏∞Âè∞Âå∫ÂçóËãë‰π°ÂÖ¨Âõ≠ÊáøÂ∫ú',116.370695,39.790874,'116.36887748748063,39.79255808985648;116.36937101393937,39.78942542016052;116.37293298751115,39.78945839637392;116.3726540377736,39.79099177284094;116.37155969649552,39.79099177284094;116.37143095046281,39.79259106456822','110000','Âåó‰∫¨Â∏Ç','110100','Âåó‰∫¨Â∏ÇÂ∏ÇËæñÂå∫','110106','‰∏∞Âè∞Âå∫',NULL,NULL,'2019-07-19 23:24:37',NULL,NULL,'2019-07-19 23:24:37'),('1b3bfa6a64a41f58adef2aba4feb1832','È´òÁ´ãÂ∫Ñ603Âè∑Èô¢','Âåó‰∫¨Â∏Ç‰∏∞Âè∞Âå∫Ëä±‰π°‰π°Ê®äÁæäË∑Ø589Âåó‰∫¨Âä†ËææÊ∞∏ÈÄöÊ±ΩËΩ¶ÈîÄÂîÆÊúâÈôêÂÖ¨Âè∏',116.315040,39.795434,'116.31417653694751,39.79607687232511;116.31409070625904,39.7948073988485;116.31597898140552,39.79482388566721;116.3159575237334,39.79606038580676','110000','Âåó‰∫¨Â∏Ç','110100','Âåó‰∫¨Â∏ÇÂ∏ÇËæñÂå∫','110106','‰∏∞Âè∞Âå∫',NULL,NULL,'2019-07-19 23:25:00',NULL,NULL,'2019-07-19 23:25:00'),('1b50b3efd7c9470e6dd096584ceca9be','È∏øÂù§ÂπøÂú∫BÂ∫ß','Âåó‰∫¨Â∏ÇÂ§ßÂÖ¥Âå∫Ë•øÁ∫¢Èó®ÈïáÂÆèÁ¶èË∑Ø313È∏øÂù§¬∑Êñ∞ÈÉΩËçü',116.346528,39.790663,'116.3458534052968,39.79095879839303;116.34582121878861,39.79035699313583;116.34724815398454,39.79038996890268;116.34726961165666,39.79096704226413','110000','Âåó‰∫¨Â∏Ç','110100','Âåó‰∫¨Â∏ÇÂ∏ÇËæñÂå∫','110115','Â§ßÂÖ¥Âå∫',NULL,NULL,'2019-07-19 23:24:29',NULL,NULL,'2019-07-19 23:24:29'),('1bc605acc13fb48f21bd26bffb5a8ced','Âåó‰∫¨ÊÅí‰ø°Â§©Ê≥∞ËÅå‰∏öÊúâÈôêÂÖ¨Âè∏ÂÜôÂ≠óÊ•º','Âåó‰∫¨Â∏ÇÂ§ßÂÖ¥Âå∫ÊóßÂÆ´ÈïáÊÅí‰ø°Â§©Ê≥∞ÂÜôÂ≠óÊ•ºÂåó‰∫¨ÊÅí‰ø°Â§©Ê≥∞ÁΩÆ‰∏öÊúâÈôêÂÖ¨Âè∏ÂÜôÂ≠óÊ•º',116.424778,39.804221,'116.42413637369867,39.80470701903323;116.42424366205933,39.80370970272689;116.42541310518982,39.80371794506969;116.4253380033374,39.80474823013963','110000','Âåó‰∫¨Â∏Ç','110100','Âåó‰∫¨Â∏ÇÂ∏ÇËæñÂå∫','110115','Â§ßÂÖ¥Âå∫',NULL,NULL,'2019-07-19 23:24:54',NULL,NULL,'2019-07-19 23:24:54'),('1bd8ea2eab691230674f5aab3803b6ee','ÂÖ¥Êµ∑ÂÆ∂Âõ≠Êó•Ëãë','Âåó‰∫¨Â∏ÇÂ§ßÂÖ¥Âå∫Ë•øÁ∫¢Èó®ÈïáÂÖ¥Êµ∑ÂÆ∂Âõ≠Êó•Ëãë',116.331801,39.792528,'116.33054335623979,39.794412893859025;116.3305648139119,39.79362976092704;116.330221491158,39.79363800447802;116.33025367766618,39.79311041522345;116.32904131919145,39.79306095352338;116.32920225173234,39.790975286134206;116.33398731261491,39.790802164654835;116.33405168563127,39.79261579662211;116.33408387213944,39.79437992002064','110000','Âåó‰∫¨Â∏Ç','110100','Âåó‰∫¨Â∏ÇÂ∏ÇËæñÂå∫','110115','Â§ßÂÖ¥Âå∫',NULL,NULL,'2019-07-19 23:24:30',NULL,NULL,'2019-07-19 23:24:30'),('1f874f20fb95ae1da6c3ee9effd6fa44','‰∏∞Áßë‰∏áËææÂπøÂú∫','Âåó‰∫¨Â∏Ç‰∏∞Âè∞Âå∫Êñ∞ÊùëË°óÈÅì‰∏áËææÂπøÂú∫(‰∏∞ÁßëÂ∫ó)',116.298831,39.824145,'116.29768631190063,39.82505405576924;116.29763266772028,39.824098234161276;116.29773995608093,39.82281279793065;116.29907033175232,39.822763357595385;116.29893085688349,39.823949915823476;116.30042216509577,39.8239004763064;116.30037924975153,39.82514469333494','110000','Âåó‰∫¨Â∏Ç','110100','Âåó‰∫¨Â∏ÇÂ∏ÇËæñÂå∫','110106','‰∏∞Âè∞Âå∫',NULL,NULL,'2019-07-19 23:25:10',NULL,NULL,'2019-07-19 23:25:10'),('21078efe9cf41b858906c431b1407a37','Ëä±‰π°ÂõΩÈôÖÂÆ∂Â±ÖÂª∫ÊùêÂπøÂú∫','Âåó‰∫¨Â∏Ç‰∏∞Âè∞Âå∫Ëä±‰π°‰π°‰∫¨ËâØË∑Ø636Âè∑Ëä±‰π°ÂõΩÈôÖÂÆ∂Â±ÖÂª∫ÊùêÂπøÂú∫',116.317489,39.792960,'116.3154639972746,39.794114948894574;116.31552837029102,39.790520691900475;116.32014176979663,39.793241133051545;116.3206567539275,39.79439522709666','110000','Âåó‰∫¨Â∏Ç','110100','Âåó‰∫¨Â∏ÇÂ∏ÇËæñÂå∫','110106','‰∏∞Âè∞Âå∫',NULL,NULL,'2019-07-19 23:25:00',NULL,NULL,'2019-07-19 23:25:00'),('216c372775d7c022036ec67c0e3755bd','Âíå‰πâ‰∏úÈáå2Âå∫','Âåó‰∫¨Â∏Ç‰∏∞Âè∞Âå∫Âíå‰πâË°óÈÅìÂíå‰πâ‰∏úÈáå‰∫åÂå∫7Âè∑Ê•ºÂíå‰πâ‰∏úÈáåÁ§æÂå∫',116.408046,39.812763,'116.40601537227633,39.81370693722712;116.40626213550564,39.81227296307699;116.40647671222689,39.81205044716561;116.40688440799715,39.81205044716561;116.40695950984957,39.81187737873659;116.40992066860201,39.81181144779185;116.40995285511019,39.81363276688405;116.40885851383212,39.813599802261436;116.40882632732394,39.813303119946475;116.40794656276705,39.813352567087904;116.40795729160305,39.81376462521641','110000','Âåó‰∫¨Â∏Ç','110100','Âåó‰∫¨Â∏ÇÂ∏ÇËæñÂå∫','110106','‰∏∞Âè∞Âå∫',NULL,NULL,'2019-07-19 23:24:47',NULL,NULL,'2019-07-19 23:24:47'),('21f71a005628f474ab5b1380db9564d0','ÂÖ¥ÊÅíÂü∫ÂÆ∂Â±ûÈô¢','Âåó‰∫¨Â∏ÇÂ§ßÂÖ¥Âå∫Ë•øÁ∫¢Èó®Èïá18.8Èü©ÂºèËá™Âä©ÁÉ§ËÇâÁÅ´ÈîÖÂÖ¥ÊÅíÂü∫ÂÆ∂Â±ûÈô¢',116.339043,39.799789,'116.33752782315014,39.79925987099331;116.33978087872265,39.79917744217707;116.33998472660778,39.80076005818672;116.33978087872265,39.800793028966275;116.3375385519862,39.799408242613595','110000','Âåó‰∫¨Â∏Ç','110100','Âåó‰∫¨Â∏ÇÂ∏ÇËæñÂå∫','110115','Â§ßÂÖ¥Âå∫',NULL,NULL,'2019-07-19 23:24:24',NULL,NULL,'2019-07-19 23:24:24'),('21fa5b8a981b0e2faccbf37ea7015ea5','Âæ∑‰ø°ÂÆ∂Âõ≠','Âåó‰∫¨Â∏Ç‰∏∞Âè∞Âå∫ÂçóËãë‰π°Âæ∑Èë´ÂòâÂõ≠',116.373296,39.816564,'116.37020251482727,39.817786181810824;116.37020251482727,39.81539635011549;116.37397906512018,39.815429313876486;116.37666127413513,39.815478759488315;116.37689730852844,39.81699507431294;116.37655398577448,39.817192852041146;116.37322804659607,39.81786858831815;116.37127539843317,39.81786858831815','110000','Âåó‰∫¨Â∏Ç','110100','Âåó‰∫¨Â∏ÇÂ∏ÇËæñÂå∫','110106','‰∏∞Âè∞Âå∫',NULL,NULL,'2019-07-19 23:24:45',NULL,NULL,'2019-07-19 23:24:45'),('2273e67b081fd5def2fcd89c81a73b5d','‰πÖÊï¨Â∫ÑÊé•ÊµéÊúçÂä°‰∏≠ÂøÉ','Âåó‰∫¨Â∏Ç‰∏∞Âè∞Âå∫Âíå‰πâË°óÈÅìÂ§ß‰ºóËΩ¶Âèã‰ø±‰πêÈÉ®',116.404210,39.819689,'116.40247485503556,39.82092579990397;116.40252849921586,39.818503115114886;116.40545747146012,39.8179262728145;116.40592954024669,39.82151085723639;116.40551111564042,39.82151909744491;116.40541455611589,39.82122244931476;116.40504977568986,39.82126365052053;116.40500686034562,39.82098348183412;116.40414855346086,39.82114828708211;116.40418073996904,39.82139549421299;116.40386960372331,39.82139549421299;116.40381595954301,39.82076099412238','110000','Âåó‰∫¨Â∏Ç','110100','Âåó‰∫¨Â∏ÇÂ∏ÇËæñÂå∫','110106','‰∏∞Âè∞Âå∫',NULL,NULL,'2019-07-19 23:24:50',NULL,NULL,'2019-07-19 23:24:50'),('22b634a49015068198cfca7aea1c35c2','Â§ßÊ∫™Âú∞1Âå∫','Âåó‰∫¨Â∏Ç‰∏∞Âè∞Âå∫Ëä±‰π°‰π°Â§ßÊ∫™Âú∞Â§ßÊ∫™Âú∞1Âå∫',116.288949,39.805073,'116.28698966234924,39.80565487029137;116.2880625459552,39.80354485772388;116.29093787401916,39.80440205813883;116.28971478670837,39.80667688435059','110000','Âåó‰∫¨Â∏Ç','110100','Âåó‰∫¨Â∏ÇÂ∏ÇËæñÂå∫','110106','‰∏∞Âè∞Âå∫',NULL,NULL,'2019-07-19 23:25:06',NULL,NULL,'2019-07-19 23:25:06'),('2434a69c18f7bd8b821b3dbbbce3b824','ÊúâÂæ∑ÂÆ∂Ëãë5Âè∑Èô¢','Âåó‰∫¨Â∏ÇÂ§ßÂÖ¥Âå∫ÊóßÂÆ´ÈïáÊúâÂæ∑ÂÆ∂Ëãë5Âè∑Èô¢',116.425351,39.785925,'116.42323515683415,39.78636562869085;116.42593882352116,39.78658822772455;116.42609975606206,39.78635738426837;116.42694733411076,39.78644807286139;116.42689368993047,39.786143028936976;116.42665765553716,39.785607137686725;116.42628214627507,39.785038263946234;116.4249839571118,39.78531033458285;116.42419002324345,39.78568133826261;116.42356775075194,39.78605233994189','110000','Âåó‰∫¨Â∏Ç','110100','Âåó‰∫¨Â∏ÇÂ∏ÇËæñÂå∫','110115','Â§ßÂÖ¥Âå∫',NULL,NULL,'2019-07-19 23:24:56',NULL,NULL,'2019-07-19 23:24:56'),('252cf4efebcb017c066926d1fd2ffec6','‰∫¨ÊäïÈì∂Ê≥∞‰∏áÁßëË•øÂçéÂ∫ú','Âåó‰∫¨Â∏Ç‰∏∞Âè∞Âå∫Ëä±‰π°‰π°‰∫¨ÊäïÈì∂Ê≥∞‰∏áÁßëË•øÂçéÂ∫ú',116.304177,39.813052,'116.3020529522002,39.81427557798564;116.30196712151167,39.811852658760415;116.30636594429615,39.811819693284086;116.30630157127979,39.81429206013688','110000','Âåó‰∫¨Â∏Ç','110100','Âåó‰∫¨Â∏ÇÂ∏ÇËæñÂå∫','110106','‰∏∞Âè∞Âå∫',NULL,NULL,'2019-07-19 23:25:01',NULL,NULL,'2019-07-19 23:25:01'),('25419fe930f6832c1c70f087b6bd4111','Á¥´ÂÖâÂõ≠Â∞èÂå∫','Âåó‰∫¨Â∏Ç‰∏∞Âè∞Âå∫Ëä±‰π°‰π°Á¥´ÂÖâÂõ≠',116.304487,39.790167,'116.30363008975985,39.79111424878171;116.30403778553011,39.7911719557281;116.30430600643155,39.790289858547595;116.30540034770968,39.79038878589733;116.30566856861111,39.789778731641015;116.30381247997286,39.789498434628314;116.30371592044833,39.78973751156372;116.30400559902193,39.789762243613055;116.30356571674349,39.791048297926544','110000','Âåó‰∫¨Â∏Ç','110100','Âåó‰∫¨Â∏ÇÂ∏ÇËæñÂå∫','110106','‰∏∞Âè∞Âå∫',NULL,NULL,'2019-07-19 23:25:04',NULL,NULL,'2019-07-19 23:25:04'),('26de73374b9a20016bf8292943cab3c1','ÂØåÈî¶ÂòâÂõ≠4Âå∫','Âåó‰∫¨Â∏Ç‰∏∞Âè∞Âå∫Ëä±‰π°‰π°ÂØåÈî¶ÂòâÂõ≠ÂØåÈî¶ÂòâÂõ≠4Âå∫',116.284765,39.815610,'116.28207585811617,39.816302850872496;116.28199002742764,39.815017268818075;116.28426454067232,39.81478652077579;116.28735444545748,39.814720592621434;116.287268614769,39.81640174080374;116.287268614769,39.81640174080374;116.2839641332626,39.81646766734553','110000','Âåó‰∫¨Â∏Ç','110100','Âåó‰∫¨Â∏ÇÂ∏ÇËæñÂå∫','110106','‰∏∞Âè∞Âå∫',NULL,NULL,'2019-07-19 23:25:04',NULL,NULL,'2019-07-19 23:25:04'),('27d5aae3d40cb3232dd17824bb105d52','ÂÖ¥ÂàõÂõΩÈôÖ‰∏≠ÂøÉ','Âåó‰∫¨Â∏ÇÂ§ßÂÖ¥Âå∫Ë•øÁ∫¢Èó®ÈïáÂÖ¥ÂàõÂõΩÈôÖ‰∏≠ÂøÉ',116.323669,39.784412,'116.32268984824418,39.78570725176433;116.32238944083451,39.785468160823285;116.32238944083451,39.78516311255431;116.32246454268693,39.78419024687832;116.32248600035905,39.78362136142313;116.32272203475236,39.7833987527908;116.32319410353898,39.783299815389704;116.32430990248918,39.783167898633614;116.32473905593156,39.78311842978488;116.32489998847245,39.78325859143058;116.32489998847245,39.78362136142313;116.3248892596364,39.78538571547856;116.32359107047319,39.78556709510654','110000','Âåó‰∫¨Â∏Ç','110100','Âåó‰∫¨Â∏ÇÂ∏ÇËæñÂå∫','110115','Â§ßÂÖ¥Âå∫',NULL,NULL,'2019-07-19 23:24:34',NULL,NULL,'2019-07-19 23:24:34'),('28aada768bc64a6cdc61acc56c802c5f','Ê∂¶Êû´‚Ä¢Èî¶Â∞ö','Âåó‰∫¨Â∏ÇÂ§ßÂÖ¥Âå∫ÊóßÂÆ´ÈïáÂæ∑Ë¥§Ë∑Ø239Âè∑Ê∂¶Êû´¬∑Èî¶Â∞ö',116.428879,39.790712,'116.42762861520055,39.790256885824235;116.4282133367658,39.790302227565576;116.42843864232299,39.788859521143;116.42994604378941,39.78897081671542;116.43022499352696,39.789275848102086;116.42981729775664,39.79220243185467;116.42949543267486,39.79224777231366;116.42729065686467,39.79223952859607','110000','Âåó‰∫¨Â∏Ç','110100','Âåó‰∫¨Â∏ÇÂ∏ÇËæñÂå∫','110115','Â§ßÂÖ¥Âå∫',NULL,NULL,'2019-07-19 23:24:57',NULL,NULL,'2019-07-19 23:24:57'),('296cb76a225505efd39f70961c775cfc','Â∫∑Ê∂¶ÂÆ∂Âõ≠','Âåó‰∫¨Â∏Ç‰∏∞Âè∞Âå∫Ëä±‰π°‰π°Â∫∑Ê∂¶ÂÆ∂Âõ≠',116.306951,39.794521,'116.30449912682178,39.795104160980465;116.30503556862476,39.79373574715627;116.30896232262256,39.79363682461986;116.30894086495044,39.79525254156627;116.30868337288501,39.79549984183131;116.30512139931324,39.79517010794701','110000','Âåó‰∫¨Â∏Ç','110100','Âåó‰∫¨Â∏ÇÂ∏ÇËæñÂå∫','110106','‰∏∞Âè∞Âå∫',NULL,NULL,'2019-07-19 23:25:00',NULL,NULL,'2019-07-19 23:25:00'),('2b131be617b6e94dcb2565f6f20e7fbe','‰∏âËßíÂú∞Â∞èÂå∫','Âåó‰∫¨Â∏Ç‰∏∞Âè∞Âå∫‰∏úÈ´òÂú∞Ë°óÈÅì‰∏âËßíÂú∞37Âè∑Ê•º‰∏âËßíÂú∞',116.413914,39.806268,'116.41435167521234,39.80782250902229;116.41513488024475,39.80781426717153;116.41518852442499,39.80735272195197;116.41518852442499,39.80714667397855;116.41444823473694,39.80629774981486;116.41652962893244,39.80629774981486;116.41656181544062,39.80561365766787;116.41634723871948,39.805522994342404;116.41112229555841,39.80539112020101;116.41106865137817,39.80574553138241;116.41116521090265,39.80595158355503;116.41204497545954,39.80626478167473;116.41225955218073,39.80642962221727;116.41266724795105,39.80646259027835;116.412838909328,39.806866447743694;116.41333243578674,39.80702304489809;116.41364357203247,39.80724557708286;116.41378304690119,39.80745162475986','110000','Âåó‰∫¨Â∏Ç','110100','Âåó‰∫¨Â∏ÇÂ∏ÇËæñÂå∫','110106','‰∏∞Âè∞Âå∫',NULL,NULL,'2019-07-19 23:24:53',NULL,NULL,'2019-07-19 23:24:53'),('2b1e7cfbc585559a7dd32d5a95425d98','ÊòéÊò•Ëãë','Âåó‰∫¨Â∏Ç‰∏∞Âè∞Âå∫Ëä±‰π°‰π°Ê¥ãÊàøÂ∞èÈïáÊòéÊò•Ëãë',116.299530,39.784128,'116.29816911086442,39.784255022227725;116.3001646743715,39.78478267939795;116.300615285486,39.783727361011046;116.29956385955217,39.78348001842281;116.29932782515885,39.78399119212519;116.29834077224137,39.783743850485344','110000','Âåó‰∫¨Â∏Ç','110100','Âåó‰∫¨Â∏ÇÂ∏ÇËæñÂå∫','110106','‰∏∞Âè∞Âå∫',NULL,NULL,'2019-07-19 23:25:03',NULL,NULL,'2019-07-19 23:25:03'),('2bd8952aa37633fccbf7fa1f1ecdc946','‰πùÈæôÂ±±Â∫ÑÂåóÂå∫','Âåó‰∫¨Â∏ÇÂ§ßÂÖ¥Âå∫Ë•øÁ∫¢Èó®Èïá‰πùÈæôÂÆ∂Âõ≠(ÂåóÂå∫)‰πùÈæôÂÆ∂Âõ≠ÂåóÂå∫',116.343591,39.799782,'116.34413678616284,39.8012298903032;116.34406168431042,39.80043034952158;116.34265620678661,39.80044683499237;116.3426347491145,39.800265494596196;116.34165842503307,39.800306708364594;116.34156186550854,39.799160956401956;116.34467322796581,39.79902082715399;116.34551007717846,39.79896312679242;116.34541351765392,39.79953188538596;116.34508092373608,39.800125367598895;116.34446938008068,39.80098261064205','110000','Âåó‰∫¨Â∏Ç','110100','Âåó‰∫¨Â∏ÇÂ∏ÇËæñÂå∫','110115','Â§ßÂÖ¥Âå∫',NULL,NULL,'2019-07-19 23:24:23',NULL,NULL,'2019-07-19 23:24:23'),('2c1a709c9033056c1ee27d833d2d70a0','ÂÆèÂ§ß‰∏≠Âõ≠','Âåó‰∫¨Â∏ÇÂ§ßÂÖ¥Âå∫Ë•øÁ∫¢Èó®ÈïáÂÆèÂ§ß‰∏≠Âõ≠',116.334752,39.796768,'116.3349314488471,39.79759066923797;116.3352908648551,39.79740107821131;116.33543033972381,39.79740107821131;116.33539815321564,39.7961563589267;116.33418043032287,39.79619345353568;116.33383710756902,39.79666331685106;116.33377809897064,39.79672101914218;116.33445938006048,39.797219729783706','110000','Âåó‰∫¨Â∏Ç','110100','Âåó‰∫¨Â∏ÇÂ∏ÇËæñÂå∫','110115','Â§ßÂÖ¥Âå∫',NULL,NULL,'2019-07-19 23:24:26',NULL,NULL,'2019-07-19 23:24:26'),('2de322d94f174d21024d8d5cbdc51f28','‰∏≠ÁßëÁîµÂïÜË∞∑2Êúü','Âåó‰∫¨Â∏ÇÂ§ßÂÖ¥Âå∫ÊóßÂÆ´ÈïáÂ•ΩÂÆûÊÉ†È§êÂéÖ(‰∫îÁ¶èË∑Ø‰∏≠Ë°óÂ∫ó)',116.417838,39.780004,'116.41656182080504,39.78111373145096;116.41658327847722,39.77883805966996;116.41920111447575,39.77888753159582;116.41897580891845,39.78123740710907','110000','Âåó‰∫¨Â∏Ç','110100','Âåó‰∫¨Â∏ÇÂ∏ÇËæñÂå∫','110115','Â§ßÂÖ¥Âå∫',NULL,NULL,'2019-07-19 23:24:56',NULL,NULL,'2019-07-19 23:24:56'),('2f0f311f782a7744d301d340412963a0','Â∞èÈæôÊ≤≥3Âè∑Èô¢','Âåó‰∫¨Â∏Ç‰∏∞Âè∞Âå∫Âíå‰πâË°óÈÅìÂ∞èÈæôÊ≤≥3Âè∑Èô¢',116.390587,39.810477,'116.38999721735718,39.81096258226028;116.38983628481628,39.81015491308167;116.39112374514343,39.809957115101604;116.39133832186457,39.81082247706265','110000','Âåó‰∫¨Â∏Ç','110100','Âåó‰∫¨Â∏ÇÂ∏ÇËæñÂå∫','110106','‰∏∞Âè∞Âå∫',NULL,NULL,'2019-07-19 23:24:47',NULL,NULL,'2019-07-19 23:24:47'),('3106c5f7bda5cfc919b1fb87a3c52bc1','Âåó‰∫¨Â∏ÇÂ§ßÂÖ¥Âå∫Ë•øÁ∫¢Èó®ÂåªÈô¢','Âåó‰∫¨Â∏ÇÂ§ßÂÖ¥Âå∫Ë•øÁ∫¢Èó®ÈïáÊ¨£Ëç£ÂåóÂ§ßË°ó28Âè∑Âåó‰∫¨Â∏ÇÂ§ßÂÖ¥Âå∫Ë•øÁ∫¢Èó®ÂåªÈô¢',116.345304,39.792685,'116.34470541983842,39.79376165762419;116.34439428359269,39.791725474176936;116.34594996482133,39.791659523907775;116.34616454154252,39.793621517375094','110000','Âåó‰∫¨Â∏Ç','110100','Âåó‰∫¨Â∏ÇÂ∏ÇËæñÂå∫','110115','Â§ßÂÖ¥Âå∫',NULL,NULL,'2019-07-19 23:24:28',NULL,NULL,'2019-07-19 23:24:28'),('316f5aa8ac2fbe2b530d9113b2daf0fb','ÂÖ¥Êµ∑ÂÆ∂Âõ≠ÊòüËãë','Âåó‰∫¨Â∏ÇÂ§ßÂÖ¥Âå∫Ë•øÁ∫¢Èó®ÈïáÂÖ¥Êµ∑ÂÆ∂Âõ≠ÂÖ¥Êµ∑ÂÆ∂Âõ≠ÊòüËãë',116.336330,39.791656,'116.33424480468034,39.79265701497473;116.33424480468034,39.79072796960173;116.33759220153092,39.79060431100203;116.33758147269486,39.79120611409566;116.33862216979264,39.791140163328556;116.33883674651383,39.79240146079034','110000','Âåó‰∫¨Â∏Ç','110100','Âåó‰∫¨Â∏ÇÂ∏ÇËæñÂå∫','110115','Â§ßÂÖ¥Âå∫',NULL,NULL,'2019-07-19 23:24:30',NULL,NULL,'2019-07-19 23:24:30'),('3206b9526c86e75d98246cd80ce756d7','Êò•Ê≥ΩÂõ≠Â∞èÂå∫','Âåó‰∫¨Â∏Ç‰∏∞Âè∞Âå∫Êñ∞ÊùëË°óÈÅìÊòéÊò•‰∏úÂõ≠',116.297238,39.788240,'116.29520795211198,39.78971278053598;116.29643103942271,39.79004254058138;116.2967529045045,39.788987302872016;116.29808328017589,39.78911920847088;116.29904887542125,39.78671189148209;116.29812619552018,39.78656349247306;116.29784724578263,39.78709113193988;116.29694602355363,39.786942733748816;116.29653832778337,39.78793204897635;116.29628083571794,39.7880804450335','110000','Âåó‰∫¨Â∏Ç','110100','Âåó‰∫¨Â∏ÇÂ∏ÇËæñÂå∫','110106','‰∏∞Âè∞Âå∫',NULL,NULL,'2019-07-19 23:25:03',NULL,NULL,'2019-07-19 23:25:03'),('32268d822d124d59a592482402b72203','Âåó‰∫¨Â∏ÇÁ¨¨‰∫åÂÆûÈ™åÂ∞èÂ≠¶Â§ßÂÖ¥ÂÆûÈ™åÂ≠¶Ê†°','Âåó‰∫¨Â∏ÇÂ§ßÂÖ¥Âå∫Ë•øÁ∫¢Èó®ÈïáÈïøÁõõË∑Ø5Âè∑Âåó‰∫¨Á¨¨‰∫åÂÆûÈ™åÂ∞èÂ≠¶Â§ßÂÖ¥ÂÆûÈ™åÂ≠¶Ê†°',116.342237,39.796385,'116.34134729415177,39.79732276666091;116.34118636161088,39.7955834486977;116.34312828093766,39.795476285488974;116.34332139998673,39.79714966115693','110000','Âåó‰∫¨Â∏Ç','110100','Âåó‰∫¨Â∏ÇÂ∏ÇËæñÂå∫','110115','Â§ßÂÖ¥Âå∫',NULL,NULL,'2019-07-19 23:24:25',NULL,NULL,'2019-07-19 23:24:25'),('334cd48382f8cdb4cfd1f282467070b4','‰∏∞Âè∞Âíå‰πâÂ≠¶Ê†°ÔºàË•øÊ†°Âå∫Ôºâ','Âåó‰∫¨Â∏Ç‰∏∞Âè∞Âå∫Âíå‰πâË°óÈÅìÂåó‰∫¨Â∏Ç‰∏∞Âè∞Âå∫Âíå‰πâÂ≠¶Ê†°(Ë•øÊ†°Âå∫)',116.395521,39.808797,'116.3943960401416,39.80941316772186;116.39448187083002,39.80832526005033;116.39518997401001,39.808284051088;116.39584443300964,39.808061522264566;116.39619848459961,39.807888443792834;116.39629504412409,39.80803679679529;116.39649889200922,39.80806976408571;116.3964237901568,39.80946261766148','110000','Âåó‰∫¨Â∏Ç','110100','Âåó‰∫¨Â∏ÇÂ∏ÇËæñÂå∫','110106','‰∏∞Âè∞Âå∫',NULL,NULL,'2019-07-19 23:24:46',NULL,NULL,'2019-07-19 23:24:46'),('34ce2236eddde7bf49c58190d3d26e98','Áø†Êµ∑ÊòéËãëÂåóÂå∫','Âåó‰∫¨Â∏Ç‰∏∞Âè∞Âå∫ÂçóËãëË°óÈÅìÁø†Êµ∑ÊòéËãë(ÂåóÂå∫)Áø†Êµ∑ÊòéËãë',116.359263,39.809018,'116.35835788249972,39.80970986373556;116.36011741161349,39.80975107184323;116.36020324230196,39.80830877337769;116.35841152667996,39.808333498749185','110000','Âåó‰∫¨Â∏Ç','110100','Âåó‰∫¨Â∏ÇÂ∏ÇËæñÂå∫','110106','‰∏∞Âè∞Âå∫',NULL,NULL,'2019-07-19 23:24:40',NULL,NULL,'2019-07-19 23:24:40'),('3534559529e81214deab027f8a981601','Êñ∞ÂÆ´ÂÆ∂Âõ≠ÂåóÂå∫','Âåó‰∫¨Â∏Ç‰∏∞Âè∞Âå∫ÂçóËãë‰π°Êñ∞ÂÆ´ÂÆ∂Âõ≠ÂåóÂå∫',116.363139,39.813854,'116.36189839839938,39.81521504811729;116.36297128200533,39.815165602315716;116.36301419734957,39.81488540876829;116.36425874233248,39.81490189077328;116.36470935344698,39.81272623194132;116.3619198560715,39.81274271446407;116.36185548305514,39.8144733573588','110000','Âåó‰∫¨Â∏Ç','110100','Âåó‰∫¨Â∏ÇÂ∏ÇËæñÂå∫','110106','‰∏∞Âè∞Âå∫',NULL,NULL,'2019-07-19 23:24:39',NULL,NULL,'2019-07-19 23:24:39'),('375dd152d4c6b9bcf115ba87c8de82d0','ÂçéÂ§è‰∏≠Ëà™ÈÖíÂ∫ó','Âåó‰∫¨Â∏Ç‰∏∞Âè∞Âå∫‰∏úÈ´òÂú∞Ë°óÈÅìÂçéÂ§è‰∏≠Ëà™ÈÖíÂ∫ó',116.404706,39.808812,'116.40272161692383,39.811119170084424;116.40282890528437,39.808374710772526;116.40293619364502,39.80669336626331;116.40447041720148,39.806866447743694;116.40759250849487,39.808012071317115;116.40764615267517,39.80806976408571;116.40731355875732,39.80869613959974;116.40650889605286,39.81017139622099;116.40512487620111,39.80983349107504;116.4049961301684,39.81000656464997;116.40502831667663,39.810740062107115','110000','Âåó‰∫¨Â∏Ç','110100','Âåó‰∫¨Â∏ÇÂ∏ÇËæñÂå∫','110106','‰∏∞Âè∞Âå∫',NULL,NULL,'2019-07-19 23:24:47',NULL,NULL,'2019-07-19 23:24:47'),('37a9e90164f69db50982106be0260d9e','ÈÉ≠ÂÖ¨Â∫ÑÂπ∏Á¶èÂÆ∂Âõ≠Ë•øÂå∫','Âåó‰∫¨Â∏Ç‰∏∞Âè∞Âå∫Ëä±‰π°‰π°ÈÉ≠ÂÖ¨Â∫ÑÂπ∏Á¶èÂÆ∂Âõ≠Ë•øÂå∫',116.306996,39.818242,'116.30561492711303,39.819014031627724;116.30560419827702,39.817670815624815;116.30582950383427,39.817604890237135;116.30817911893132,39.81730822521002;116.30829713612798,39.81736591017669;116.30824349194768,39.81903875314861','110000','Âåó‰∫¨Â∏Ç','110100','Âåó‰∫¨Â∏ÇÂ∏ÇËæñÂå∫','110106','‰∏∞Âè∞Âå∫',NULL,NULL,'2019-07-19 23:25:08',NULL,NULL,'2019-07-19 23:25:08'),('3882e007def5c0e84df7b4c3beeb4c1d','Ëä±È¶ôÂõõÂ≠£','Âåó‰∫¨Â∏Ç‰∏∞Âè∞Âå∫Ëä±‰π°‰π°‰∏úÁôΩÂÆ∂Á™ë',116.318050,39.821127,'116.31676218777898,39.822450237735985;116.31673000127074,39.81958262435809;116.31757757931945,39.81954966258912;116.3186397340894,39.81992048157832;116.31944439679387,39.82034898102934;116.31953022748235,39.822474958020706','110000','Âåó‰∫¨Â∏Ç','110100','Âåó‰∫¨Â∏ÇÂ∏ÇËæñÂå∫','110106','‰∏∞Âè∞Âå∫',NULL,NULL,'2019-07-19 23:25:08',NULL,NULL,'2019-07-19 23:25:08'),('39e6a3c02b0e76b9071409cfd6755f53','ÂØåÈî¶ÂòâÂõ≠1Âå∫','Âåó‰∫¨Â∏Ç‰∏∞Âè∞Âå∫Êñ∞ÊùëË°óÈÅìÂØåÈî¶ÂòâÂõ≠ÂØåÈî¶ÂòâÂõ≠1Âå∫',116.286939,39.818063,'116.28430745601656,39.81890690493449;116.28447911739346,39.817159892216225;116.2895002126694,39.817225818030785;116.2895002126694,39.81893986701172','110000','Âåó‰∫¨Â∏Ç','110100','Âåó‰∫¨Â∏ÇÂ∏ÇËæñÂå∫','110106','‰∏∞Âè∞Âå∫',NULL,NULL,'2019-07-19 23:25:04',NULL,NULL,'2019-07-19 23:25:04'),('3af3a28060d9dadc2df3b5dcd9c90061','‰∏∞Âè∞ÈáëËåÇÂπøÂú∫','Âåó‰∫¨Â∏Ç‰∏∞Âè∞Âå∫Êñ∞ÊùëË°óÈÅì‰∏∞Âè∞ÈáëËåÇÂπøÂú∫',116.304241,39.824233,'116.30300781458618,39.82510349445627;116.3030400010943,39.82344727907559;116.30547544687988,39.82338135922935;116.3054539892077,39.8249963772561','110000','Âåó‰∫¨Â∏Ç','110100','Âåó‰∫¨Â∏ÇÂ∏ÇËæñÂå∫','110106','‰∏∞Âè∞Âå∫',NULL,NULL,'2019-07-19 23:25:09',NULL,NULL,'2019-07-19 23:25:09'),('3cc3b0811df92e1d6463a9b75216cca6','Âåó‰∫¨ÂæÆÁîµÂ≠êËÆ°Êï∞Á†îÁ©∂ÊâÄ','Âåó‰∫¨Â∏Ç‰∏∞Âè∞Âå∫‰∏úÈ´òÂú∞Ë°óÈÅìÂåó‰∫¨Êó∂‰ª£Ê∞ëËäØÁßëÊäÄÊúâÈôêÂÖ¨Âè∏',116.412346,39.808788,'116.41107938155534,39.81036919461471;116.41374013289811,39.81028677911573;116.41378304824235,39.80806152329481;116.41152999266978,39.806693367293555;116.41122958526017,39.806693367293555','110000','Âåó‰∫¨Â∏Ç','110100','Âåó‰∫¨Â∏ÇÂ∏ÇËæñÂå∫','110106','‰∏∞Âè∞Âå∫',NULL,NULL,'2019-07-19 23:24:52',NULL,NULL,'2019-07-19 23:24:52'),('3d8702ab5fc01e63ed97441cdaf71097','Ááï‰øùÈÉ≠ÂÖ¨Â∫ÑÂÆ∂Âõ≠','Âåó‰∫¨Â∏Ç‰∏∞Âè∞Âå∫Ëä±‰π°‰π°Ááï‰øùÈÉ≠ÂÖ¨Â∫ÑÂÆ∂Âõ≠',116.311478,39.815816,'116.31001374989751,39.81720109585774;116.30998156338933,39.81446512042594;116.31285689145324,39.81446512042594;116.31297490864995,39.81466290543448;116.31297490864995,39.81713517001949','110000','Âåó‰∫¨Â∏Ç','110100','Âåó‰∫¨Â∏ÇÂ∏ÇËæñÂå∫','110106','‰∏∞Âè∞Âå∫',NULL,NULL,'2019-07-19 23:25:07',NULL,NULL,'2019-07-19 23:25:07'),('3eab44e9248560863bc0dfa1369fee56','‰πùÈæôÂ±±Â∫Ñ2Êúü','Âåó‰∫¨Â∏ÇÂ§ßÂÖ¥Âå∫Ë•øÁ∫¢Èó®Èïá‰πùÈæôÂ±±Â∫Ñ‰πùÈæôÂ±±Â∫Ñ2Âå∫',116.344517,39.802425,'116.34497363537548,39.80380978839843;116.34373981922863,39.80319985317689;116.3421304938197,39.80212833225406;116.34226996868847,39.80202117924343;116.3430317160487,39.80198820905271;116.34362180203198,39.80185632813178;116.34422261685131,39.801510139510896;116.34491999119518,39.80076005818672;116.3451023814082,39.80118867708809;116.34513456791638,39.80169147662491;116.34559590786694,39.80177390242774;116.34585339993237,39.80092491192648;116.34608943432568,39.80094963995338;116.34548861950634,39.80391693862187;116.34507019490002,39.803925180939835','110000','Âåó‰∫¨Â∏Ç','110100','Âåó‰∫¨Â∏ÇÂ∏ÇËæñÂå∫','110115','Â§ßÂÖ¥Âå∫',NULL,NULL,'2019-07-19 23:24:22',NULL,NULL,'2019-07-19 23:24:22'),('3f394c0552bd1e2fe2ac3dee94ce64ef','Âæ°Â∫∑ÂÖ¨Âõ≠','Âåó‰∫¨Â∏Ç‰∏∞Âè∞Âå∫Ëä±‰π°‰π°Âæ°Â∫∑ÂÖ¨Âõ≠',116.281994,39.814758,'116.28130338057878,39.81778618490108;116.28190419539811,39.817753222270454;116.28194711074235,39.815017268818075;116.28516576156022,39.81468762852053;116.28752610549327,39.81455577195883;116.29027268752458,39.815116160599075;116.29031560286882,39.81448984358313;116.29035851821305,39.814160200756056;116.2806596504152,39.81238010217108;116.27997300490739,39.81455577195883;116.2766256080568,39.81406130759963;116.27658269271257,39.81544579884139;116.27632520064714,39.81554469000577;116.27658269271257,39.81676433600099;116.27795598372819,39.816665446591465;116.27932927474382,39.81640174080374;116.28031632766124,39.817159892216225;116.28078839644792,39.817291743782064;116.28117463454606,39.81725878091433','110000','Âåó‰∫¨Â∏Ç','110100','Âåó‰∫¨Â∏ÇÂ∏ÇËæñÂå∫','110106','‰∏∞Âè∞Âå∫',NULL,NULL,'2019-07-19 23:25:06',NULL,NULL,'2019-07-19 23:25:06'),('412830830491efda62c7afaf6b20d43e','ÊßêÊàø‰∏áËææÂπøÂú∫Ë¥≠Áâ©‰∏≠ÂøÉ','Âåó‰∫¨Â∏Ç‰∏∞Âè∞Âå∫ÂçóËãë‰π°‰∏áËææÂπøÂú∫(ÊßêÊàøÂ∫ó)',116.367932,39.814083,'116.3654603719711,39.815165602315716;116.36554620265963,39.81411075007508;116.36634013652798,39.813418494494165;116.36715552806851,39.81272623194132;116.36992356777188,39.81279216200864;116.36998794078829,39.813253670709194;116.36992356777188,39.815280975797364;116.36593244075777,39.81519856618739','110000','Âåó‰∫¨Â∏Ç','110100','Âåó‰∫¨Â∏ÇÂ∏ÇËæñÂå∫','110106','‰∏∞Âè∞Âå∫',NULL,NULL,'2019-07-19 23:24:39',NULL,NULL,'2019-07-19 23:24:39'),('417b9077aebdf4079e5fabeaf783ed73','Ë≠¶Â§á‰∏úË∑Ø6Âè∑Èô¢Ë•øÂå∫1Âè∑Èô¢','Âåó‰∫¨Â∏Ç‰∏∞Âè∞Âå∫ÂçóËãëË°óÈÅìË≠¶Â§á‰∏úË∑Ø6Âè∑Ë•øÂå∫‰∏ÄÂè∑Èô¢',116.383263,39.795932,'116.38204714983704,39.7966044336739;116.3819613191485,39.79533496993467;116.38455769747497,39.79523604969824;116.38442895144226,39.796587947281985','110000','Âåó‰∫¨Â∏Ç','110100','Âåó‰∫¨Â∏ÇÂ∏ÇËæñÂå∫','110106','‰∏∞Âè∞Âå∫',NULL,NULL,'2019-07-19 23:24:45',NULL,NULL,'2019-07-19 23:24:45'),('4196942fab5ecd11879c4bdc734b4f30','Èò≥ÂÖâÊòüËãëÂçóÂå∫','Âåó‰∫¨Â∏Ç‰∏∞Âè∞Âå∫ÂçóËãë‰π°Èò≥ÂÖâÊòüËãëÂçóÂå∫',116.372546,39.791847,'116.37143095046281,39.79255808985648;116.37149532347917,39.7910082605742;116.37271841078996,39.79099177284094;116.37271841078996,39.791305039097246;116.37381275206803,39.791255576098976;116.37361963301896,39.79262403926416','110000','Âåó‰∫¨Â∏Ç','110100','Âåó‰∫¨Â∏ÇÂ∏ÇËæñÂå∫','110106','‰∏∞Âè∞Âå∫',NULL,NULL,'2019-07-19 23:24:37',NULL,NULL,'2019-07-19 23:24:37'),('41ecb522410085616329bd4d79874afc','Ë•øÁ∫¢Èó®8Âè∑Èô¢','Âåó‰∫¨Â∏ÇÂ§ßÂÖ¥Âå∫Ë•øÁ∫¢Èó®ÈïáË•øÁ∫¢Èó®Ë∑Ø8Âè∑Èô¢',116.363392,39.791951,'116.36241873085498,39.79301973438236;116.36312683403492,39.7906125538851;116.36422117531299,39.79079391973349;116.36387785255909,39.79316811946484','110000','Âåó‰∫¨Â∏Ç','110100','Âåó‰∫¨Â∏ÇÂ∏ÇËæñÂå∫','110115','Â§ßÂÖ¥Âå∫',NULL,NULL,'2019-07-19 23:24:36',NULL,NULL,'2019-07-19 23:24:36'),('4352558358d6481011009e898721d4c8','ÈïøÊ±üÊñáÂåñÂ§ßÂé¶','Âåó‰∫¨Â∏ÇÂ§ßÂÖ¥Âå∫Ë•øÁ∫¢Èó®ÈïáÈïøÊ±üÊñáÂåñÂ§ßÂé¶',116.376773,39.784200,'116.37488563567399,39.78527028873825;116.3750143817067,39.78306071299126;116.37546499282121,39.7829123061072;116.3787051013112,39.78327507792539;116.37861927062272,39.78536922330606','110000','Âåó‰∫¨Â∏Ç','110100','Âåó‰∫¨Â∏ÇÂ∏ÇËæñÂå∫','110115','Â§ßÂÖ¥Âå∫',NULL,NULL,'2019-07-19 23:24:42',NULL,NULL,'2019-07-19 23:24:42'),('4440c2952616989a4080787d0b0bec0f','ÂÆèÁ¶èËãë','Âåó‰∫¨Â∏ÇÂ§ßÂÖ¥Âå∫Ë•øÁ∫¢Èó®ÈïáÂÆèÁ¶èÂõ≠(Ê¨£Êó∫Â§ßË°ó)ÂÆèÁ¶èÂõ≠',116.340469,39.797258,'116.34000618964433,39.79903731193232;116.3398023417592,39.797479385550986;116.33956630736589,39.79574007154861;116.34117563277482,39.79563290858389;116.3413151076436,39.79733925287665;116.34098251372575,39.79736398219286;116.34112198859452,39.79911149802256;116.34015639334916,39.79913622670153','110000','Âåó‰∫¨Â∏Ç','110100','Âåó‰∫¨Â∏ÇÂ∏ÇËæñÂå∫','110115','Â§ßÂÖ¥Âå∫',NULL,NULL,'2019-07-19 23:24:25',NULL,NULL,'2019-07-19 23:24:25'),('4441d9fcca404188c80819221c8bb60e','Âíå‰πâ‰∏úÈáå5Âå∫','Âåó‰∫¨Â∏Ç‰∏∞Âè∞Âå∫Âíå‰πâË°óÈÅìÂíå‰πâ‰∏úÈáåÁ§æÂå∫',116.404056,39.814450,'116.40238902166487,39.81525625807533;116.40456697538497,39.81533042666653;116.40467426374556,39.815083197718;116.40553257063033,39.815050233791005;116.40565058782698,39.81449808566368;116.40601536825301,39.81368221687876;116.40252849653359,39.813698699172285','110000','Âåó‰∫¨Â∏Ç','110100','Âåó‰∫¨Â∏ÇÂ∏ÇËæñÂå∫','110106','‰∏∞Âè∞Âå∫',NULL,NULL,'2019-07-19 23:24:48',NULL,NULL,'2019-07-19 23:24:48'),('44ebe8da3f452b4112ad4a19af6651a8','ÁôΩÁõÜÁ™ëÊñ∞Êùë','Âåó‰∫¨Â∏Ç‰∏∞Âè∞Âå∫Ëä±‰π°‰π°ÁôΩÁõÜÁ™ëÊñ∞Êùë',116.309970,39.822064,'116.30849025517705,39.82262327954231;116.30845806866887,39.82129661455744;116.31038925915959,39.82132133525718;116.31043217450383,39.82191462938312;116.31061456471684,39.822095912677625;116.31240628033879,39.82212887322524;116.31239555150273,39.822565598988625','110000','Âåó‰∫¨Â∏Ç','110100','Âåó‰∫¨Â∏ÇÂ∏ÇËæñÂå∫','110106','‰∏∞Âè∞Âå∫',NULL,NULL,'2019-07-19 23:25:08',NULL,NULL,'2019-07-19 23:25:08'),('4676f46bc92236944cb9348e4f6c8464','ÈáëË±°Â§ßËçØÊàøÈÖçÈÄÅ‰∏≠ÂøÉ','Âåó‰∫¨Â∏Ç‰∏∞Âè∞Âå∫ÂçóËãëË°óÈÅìÂçóËãëË•øË∑ØÁî≤1Âè∑',116.375765,39.807124,'116.37268087863924,39.808382949465425;116.37616775035855,39.80553947550148;116.37727282047274,39.805119125894784;116.37726209163662,39.80591861215814;116.37717626094815,39.80864668601809;116.3768329381943,39.808547784929445;116.37602827548983,39.8081274537152;116.37541673183443,39.80817690457968;116.3746549844742,39.80814393734064;116.37401125431063,39.80820162999858','110000','Âåó‰∫¨Â∏Ç','110100','Âåó‰∫¨Â∏ÇÂ∏ÇËæñÂå∫','110106','‰∏∞Âè∞Âå∫',NULL,NULL,'2019-07-19 23:24:41',NULL,NULL,'2019-07-19 23:24:41'),('48b49050ee5117a72f4faf5c7afe4b43','ÂÆùËãëÂõΩÈôÖ','Âåó‰∫¨Â∏Ç‰∏∞Âè∞Âå∫ÂçóËãë‰π°ÂçóËãë‰∏úË∑Ø166Âè∑ÂÆùËãëÂõΩÈôÖË¥≠Áâ©‰∏≠ÂøÉ(ÊöÇÂÅúËê•‰∏ö)',116.408804,39.809206,'116.40644452169539,39.81056699656006;116.40816113546492,39.8075010822919;116.41034981802107,39.80756701737068;116.41043564870955,39.810599962637106;116.41043564870955,39.810599962637106','110000','Âåó‰∫¨Â∏Ç','110100','Âåó‰∫¨Â∏ÇÂ∏ÇËæñÂå∫','110106','‰∏∞Âè∞Âå∫',NULL,NULL,'2019-07-19 23:24:43',NULL,NULL,'2019-07-19 23:24:43'),('48e76249345b13f24d5ff8c7a1445ab7','ÂêàÈ°∫ÂÆ∂Âõ≠','Âåó‰∫¨Â∏Ç‰∏∞Âè∞Âå∫ÂçóËãëË°óÈÅìÂêàÈ°∫ÂÆ∂Âõ≠',116.373615,39.809509,'116.37108228206637,39.810896647347604;116.37133977413174,39.809627447446154;116.37236974239352,39.80908349745786;116.37262723445889,39.80888569639503;116.37337825298312,39.808803279117555;116.37346408367159,39.80830877337769;116.37576005458834,39.808275806201905;116.37576005458834,39.808638444266165;116.37586734294894,39.808638444266165;116.37586734294894,39.810039527905204;116.37292764186861,39.810056011072184;116.37290618419644,39.81081423248099','110000','Âåó‰∫¨Â∏Ç','110100','Âåó‰∫¨Â∏ÇÂ∏ÇËæñÂå∫','110106','‰∏∞Âè∞Âå∫',NULL,NULL,'2019-07-19 23:24:39',NULL,NULL,'2019-07-19 23:24:39'),('4a3e7c9073977e4adfb69cac6bdc4930','Â§ßÊ∫™Âú∞2Âå∫','Âåó‰∫¨Â∏Ç‰∏∞Âè∞Âå∫Ëä±‰π°‰π°Â§ßÊ∫™Âú∞Â§ßÊ∫™Âú∞2Âå∫',116.290572,39.803369,'116.28930709093811,39.80384158215378;116.29003665179016,39.802423887210544;116.29173180788757,39.80273710139957;116.29173180788757,39.80311625350898;116.2909807893634,39.804418542657466','110000','Âåó‰∫¨Â∏Ç','110100','Âåó‰∫¨Â∏ÇÂ∏ÇËæñÂå∫','110106','‰∏∞Âè∞Âå∫',NULL,NULL,'2019-07-19 23:25:06',NULL,NULL,'2019-07-19 23:25:06'),('4c26126aabc7f7d86367088b07deb918','ÂçóËãëÂåóÈáåÂ∞èÂå∫Ôºà1~3Âå∫Ôºâ','Âåó‰∫¨Â∏Ç‰∏∞Âè∞Âå∫Âíå‰πâË°óÈÅìÂíå‰πâÂçóËãëÂåóÈáåÂ∞èÂå∫',116.398453,39.809332,'116.40173456400629,39.80820163308923;116.39979264467956,39.80813569861909;116.3998355600238,39.80733623813682;116.39810821741816,39.80731975431773;116.39718553751703,39.80734448004488;116.39678857058283,39.807509317998765;116.39644524782898,39.80769888115713;116.39618775576355,39.80788020194996;116.39627358645203,39.808061522264566;116.39650962084534,39.808061522264566;116.39647743433716,39.809067017148344;116.39663836687805,39.80907525884891;116.39660618036987,39.809512067565564;116.39441749781372,39.80946261766148;116.39446041315796,39.81036919358451;116.39436385363337,39.811407620405696;116.39568350046875,39.81142410324465;116.39600536555054,39.8113911375628;116.39594099253412,39.81106147987493;116.39598390787842,39.81061643948855;116.39567277163269,39.81044336744909;116.39470717638733,39.810393918214906;116.39472863405939,39.80984173268372;116.39478227823975,39.80971810844966;116.39718553751703,39.809751074933814;116.39746448725458,39.81122630891647;116.39895579546686,39.81109444571486;116.3998355600238,39.810970823733626;116.40075823992493,39.81038567667244;116.40149852961298,39.809817007854704;116.40176675051453,39.80956975907537;116.40173456400629,39.809446134352214','110000','Âåó‰∫¨Â∏Ç','110100','Âåó‰∫¨Â∏ÇÂ∏ÇËæñÂå∫','110106','‰∏∞Âè∞Âå∫',NULL,NULL,'2019-07-19 23:24:46',NULL,NULL,'2019-07-19 23:24:46'),('4c3172ccf9a076cbc9d4fada25e3df76','ÊòüÂÖâËßÜÁïåÂÖ¨Âõ≠','Âåó‰∫¨Â∏ÇÂ§ßÂÖ¥Âå∫Ë•øÁ∫¢Èó®ÈïáÂåó‰∫¨ÂåóÊñπÂçöÈóªÊ®°ÂûãÊäÄÊúØÊúâÈôêÂÖ¨Âè∏ÊòüÂÖâ¬∑ËßÜÁïåÂÖ¨Âõ≠',116.372909,39.784105,'116.37095888167619,39.78535273422131;116.3709803393483,39.7828628370747;116.37492855101823,39.782879326756145;116.3747783473134,39.78535273422131','110000','Âåó‰∫¨Â∏Ç','110100','Âåó‰∫¨Â∏ÇÂ∏ÇËæñÂå∫','110115','Â§ßÂÖ¥Âå∫',NULL,NULL,'2019-07-19 23:24:42',NULL,NULL,'2019-07-19 23:24:42'),('4e198be594003c452be72fc58b1480e9','ÂÆèÁõõÂÆ∂Âõ≠Ë•øÂå∫','Âåó‰∫¨Â∏ÇÂ§ßÂÖ¥Âå∫Ë•øÁ∫¢Èó®ÈïáÂÆèÁõõ(ÂçóÂå∫)ÂÆèÁõõË•øÂå∫',116.333453,39.795122,'116.33292515650396,39.79569061380031;116.33281786814331,39.794627219301475;116.33404095545416,39.79455715009437;116.33407314196228,39.79565764057447','110000','Âåó‰∫¨Â∏Ç','110100','Âåó‰∫¨Â∏ÇÂ∏ÇËæñÂå∫','110115','Â§ßÂÖ¥Âå∫',NULL,NULL,'2019-07-19 23:24:27',NULL,NULL,'2019-07-19 23:24:27'),('4f03b5d5bc57e88dbeec485614d830e2','‰∏≠Êµ∑Âæ°Èë´ÈòÅ','Âåó‰∫¨Â∏Ç‰∏∞Âè∞Âå∫Ëä±‰π°‰π°‰∏≠Êµ∑Âæ°Èë´ÈòÅ',116.299164,39.818283,'116.29799745216968,39.81892338803521;116.29838369026777,39.817341190114234;116.29975698128345,39.817456559943835;116.29988572731617,39.81821469972028;116.30031488075855,39.81821469972028;116.30057237282398,39.81836303043743;116.30035779610273,39.81900579317892;116.29829785957935,39.818989312158074','110000','Âåó‰∫¨Â∏Ç','110100','Âåó‰∫¨Â∏ÇÂ∏ÇËæñÂå∫','110106','‰∏∞Âè∞Âå∫',NULL,NULL,'2019-07-19 23:25:02',NULL,NULL,'2019-07-19 23:25:02'),('5227a3e7c457a7a2380515e729fa83c4','Êñ∞ÂèëÂú∞Ê∞¥‰∫ßÂìÅ‰∫§ÊòìÂ§ßÂéÖ','Âåó‰∫¨Â∏Ç‰∏∞Âè∞Âå∫Ëä±‰π°‰π°Èì∂Âú∞Ë•øË∑ØÂåóÊ∞¥Âòâ‰º¶‰∏≠Â§ÆÂ∏ÇÂú∫È£üÂìÅÂõ≠Âå∫',116.331006,39.813029,'116.33064529761674,39.814704109542824;116.33039853438737,39.811514758788185;116.33053800925614,39.81142410324465;116.33143923148509,39.811399378984746;116.33156797751786,39.81472059159129','110000','Âåó‰∫¨Â∏Ç','110100','Âåó‰∫¨Â∏ÇÂ∏ÇËæñÂå∫','110106','‰∏∞Âè∞Âå∫',NULL,NULL,'2019-07-19 23:24:44',NULL,NULL,'2019-07-19 23:24:44'),('534d387f823e45a8a11532b784307412','Âåó‰∫¨Â∏ÇËà™Â§©‰∏≠Â≠¶','Âåó‰∫¨Â∏Ç‰∏∞Âè∞Âå∫‰∏úÈ´òÂú∞Ë°óÈÅìÂåó‰∫¨Â∏ÇËà™Â§©‰∏≠Â≠¶',116.421999,39.804303,'116.42108938425781,39.80511912898557;116.42112157076593,39.8033552810516;116.42295620173218,39.80361903689082;116.42294547289612,39.80512737115944','110000','Âåó‰∫¨Â∏Ç','110100','Âåó‰∫¨Â∏ÇÂ∏ÇËæñÂå∫','110106','‰∏∞Âè∞Âå∫',NULL,NULL,'2019-07-19 23:24:54',NULL,NULL,'2019-07-19 23:24:54'),('54c9653219cc6596a02307c237e84c38','ÈáëËç£Âõ≠','Âåó‰∫¨Â∏ÇÂ§ßÂÖ¥Âå∫Ë•øÁ∫¢Èó®ÈïáÈáëËç£Âõ≠Â∞èÂå∫ÈáëËç£Âõ≠ÂçóÂå∫',116.379195,39.766812,'116.37754104271534,39.76814304363899;116.38028762474659,39.76812655042671;116.38065240517261,39.765471091719306;116.37865684166553,39.76524017742633;116.37794873848554,39.76665863870763;116.37766978874805,39.76738435178378','110000','Âåó‰∫¨Â∏Ç','110100','Âåó‰∫¨Â∏ÇÂ∏ÇËæñÂå∫','110115','Â§ßÂÖ¥Âå∫',NULL,NULL,'2019-07-19 23:24:59',NULL,NULL,'2019-07-19 23:24:59'),('54dfacb4cae4bae7f22816a4c2c0809b','ÁëûÊµ∑ÂÆ∂Âõ≠5Âå∫','Âåó‰∫¨Â∏ÇÂ§ßÂÖ¥Âå∫Ë•øÁ∫¢Èó®ÈïáÁëûÊµ∑(‰∫îÂå∫)ÁëûÊµ∑‰∫îÂå∫',116.336765,39.783504,'116.33444865256547,39.78480035069021;116.33449156790971,39.782409372378225;116.33562882453202,39.782285698826406;116.33771021872758,39.78222798442614;116.33911569625138,39.78220324966838;116.33905132323503,39.78343173189288;116.33894403487443,39.784330406340786;116.33892257720231,39.78467668143576;116.33876164466142,39.78472614916423;116.33646567374467,39.784759127630096','110000','Âåó‰∫¨Â∏Ç','110100','Âåó‰∫¨Â∏ÇÂ∏ÇËæñÂå∫','110115','Â§ßÂÖ¥Âå∫',NULL,NULL,'2019-07-19 23:24:33',NULL,NULL,'2019-07-19 23:24:33'),('54e34bf01674654d454745b68b6a8e60','Âåó‰∫¨ÂüéÂ∏ÇÂ≠¶Èô¢','Âåó‰∫¨Â∏ÇÂ§ßÂÖ¥Âå∫Ë•øÁ∫¢Èó®ÈïáÂåó‰∫¨ÂüéÂ∏ÇÂ≠¶Èô¢Ë°®ÊºîÂ≠¶ÈÉ®',116.346546,39.787753,'116.34676535636186,39.788205290182326;116.34671171218156,39.78797445215182;116.34549935370683,39.78807338283116;116.34537060767411,39.78747979662119;116.34678681403398,39.78734788787902;116.34730179816484,39.787339643574256;116.34761293441056,39.788122848117474','110000','Âåó‰∫¨Â∏Ç','110100','Âåó‰∫¨Â∏ÇÂ∏ÇËæñÂå∫','110115','Â§ßÂÖ¥Âå∫',NULL,NULL,'2019-07-19 23:24:32',NULL,NULL,'2019-07-19 23:24:32'),('55870002cc80472624e3ee517109e537','‰∏≠ÂõΩËøêËΩΩÁÅ´ÁÆ≠ÊäÄÊúØÁ†îÁ©∂Èô¢','Âåó‰∫¨Â∏Ç‰∏∞Âè∞Âå∫‰∏úÈ´òÂú∞Ë°óÈÅì‰∏úÂçóÂ§ßÈÅì',116.408240,39.799675,'116.40301129147412,39.80476471457525;116.40279671475292,39.80453393211666;116.40279671475292,39.80295140296204;116.39550110623236,39.80285249368053;116.39584442898632,39.79800576460137;116.39957806393505,39.79803873670147;116.39962097927929,39.795499838740064;116.40180966183544,39.795038210859396;116.41382595822216,39.79497226376638;116.41567131802441,39.79500523732079;116.41580006405712,39.79404899782503;116.41567131802441,39.793752231140495;116.4193620376289,39.793917101678886;116.41773125454785,39.80229200506456;116.4167871169746,39.803314069110314;116.41665837094189,39.805061433740946','110000','Âåó‰∫¨Â∏Ç','110100','Âåó‰∫¨Â∏ÇÂ∏ÇËæñÂå∫','110106','‰∏∞Âè∞Âå∫',NULL,NULL,'2019-07-19 23:24:42',NULL,NULL,'2019-07-19 23:24:42'),('565b3c43791eabf79637136a7b61a073','‰∏áÊ∫ê‰∏úÈáå','Âåó‰∫¨Â∏Ç‰∏∞Âè∞Âå∫‰∏úÈ´òÂú∞Ë°óÈÅì‰∏áÊ∫êÂ∞èÂå∫',116.427005,39.801439,'116.424297311604,39.80351188620315;116.42423293858769,39.80216836725482;116.42766616612676,39.80209418446228;116.42767689496276,39.801319381623784;116.42766616612676,39.79962962174913;116.4264859941602,39.799588407574944;116.42650745183226,39.801352352135154;116.42519853383305,39.801344109508804;116.425187804997,39.79990163467924;116.4241792944074,39.79987690627551;116.42421148091552,39.79916802158743;116.429511525929,39.799151535810054;116.42953298360106,39.80140180787263;116.42777345448735,39.80140180787263;116.42779491215941,39.8021106695342;116.42798803120854,39.802143639666205;116.42806313306096,39.80223430744768;116.42930767804387,39.8022590350037;116.42936132222417,39.80354485566329;116.42835281163457,39.80356958274803;116.42796657353642,39.803660248649315;116.42443678647282,39.803594309823865','110000','Âåó‰∫¨Â∏Ç','110100','Âåó‰∫¨Â∏ÇÂ∏ÇËæñÂå∫','110106','‰∏∞Âè∞Âå∫',NULL,NULL,'2019-07-19 23:24:58',NULL,NULL,'2019-07-19 23:24:58'),('5a3a8a42612efceebbf2e0598f2566b2','Â§ßÁ∫¢Èó®Èî¶Âõ≠CÂå∫','Âåó‰∫¨Â∏Ç‰∏∞Âè∞Âå∫Âíå‰πâË°óÈÅìÂ§ßÁ∫¢Èó®Èî¶ËãëÂ∞èÂå∫CÂå∫',116.418133,39.815780,'116.41661546096208,39.816484148971085;116.41942641600963,39.81640174080374;116.41974828109142,39.815363389429024;116.41725919112565,39.81488541288879;116.41676566466685,39.81580839908191','110000','Âåó‰∫¨Â∏Ç','110100','Âåó‰∫¨Â∏ÇÂ∏ÇËæñÂå∫','110106','‰∏∞Âè∞Âå∫',NULL,NULL,'2019-07-19 23:24:51',NULL,NULL,'2019-07-19 23:24:51'),('5aaf346cc9d00a3b736b6c84bb8d8b9e','Êò•Ê≥ΩÂõ≠Âà´Â¢ÖÂå∫','Âåó‰∫¨Â∏ÇÂ§ßÂÖ¥Âå∫ÈªÑÊùëÈïáÊò•Ê≥ΩÈô¢Âà´Â¢ÖÂå∫',116.296457,39.786528,'116.29617354735734,39.788063956598506;116.29662415847184,39.78788258355284;116.29765412673356,39.78537628887765;116.29773995742204,39.78509597392822;116.29677436217668,39.78489810386455;116.29673144683244,39.785458734233664;116.29628083571794,39.78644807080028;116.29608771666886,39.78649753725519;116.29514357909557,39.7861677602174;116.29497191771867,39.786547003674514','110000','Âåó‰∫¨Â∏Ç','110100','Âåó‰∫¨Â∏ÇÂ∏ÇËæñÂå∫','110115','Â§ßÂÖ¥Âå∫',NULL,NULL,'2019-07-19 23:25:03',NULL,NULL,'2019-07-19 23:25:03'),('5c7fd10f7155a89f979569d479ae888c','ËèäÊ∫êÈáåÂ∞èÂå∫','Âåó‰∫¨Â∏ÇÂ§ßÂÖ¥Âå∫ÊóßÂÆ´ÈïáËèäÊ∫êÈáå',116.425137,39.789137,'116.42440459996465,39.789972468764994;116.4257027891278,39.79003842065158;116.42586908608672,39.78833601733148;116.42457626134154,39.78819998813002','110000','Âåó‰∫¨Â∏Ç','110100','Âåó‰∫¨Â∏ÇÂ∏ÇËæñÂå∫','110115','Â§ßÂÖ¥Âå∫',NULL,NULL,'2019-07-19 23:24:57',NULL,NULL,'2019-07-19 23:24:57'),('5d5539671eacc92d64292ed93d43c1dd','Ë•øÂÆèËãëÂ∞èÂå∫','Âåó‰∫¨Â∏Ç‰∏∞Âè∞Âå∫ÂçóËãëË°óÈÅìË•øÂÆèËãëÂ∞èÂå∫‰∫îÁà±Â±ØÂ∞èÂ≠¶',116.379609,39.800947,'116.38216515094041,39.80198821420429;116.37913425475358,39.80175742242669;116.37909133940934,39.80178627144124;116.37782533675431,39.80169972436124;116.37792726069688,39.8000017310453;116.37797554045915,39.79970086863376;116.37917180567979,39.799783296822646;116.37913961917161,39.80050453926076;116.3791020682454,39.801468931615375;116.38016958743333,39.80149778075097;116.38021250277757,39.8005292674388;116.37975652724504,39.80050041789688;116.37982626467942,39.79979566104246;116.38024468928575,39.7997750540082;116.38134439498185,39.80101558646656','110000','Âåó‰∫¨Â∏Ç','110100','Âåó‰∫¨Â∏ÇÂ∏ÇËæñÂå∫','110106','‰∏∞Âè∞Âå∫',NULL,NULL,'2019-07-19 23:24:39',NULL,NULL,'2019-07-19 23:24:39'),('5e1b5af0d3654803e5ac6d5877484c09','Âíå‰πâ‰∏úÈáå6Âå∫','Âåó‰∫¨Â∏Ç‰∏∞Âè∞Âå∫Âíå‰πâË°óÈÅìÂíå‰πâ‰∏úÈáåÁ§æÂå∫',116.405048,39.812940,'116.40341899394991,39.81363276688405;116.40350482463839,39.813270155165775;116.4047493696213,39.81216582587624;116.40543601512911,39.811951550973816;116.40642306804654,39.81198451638689;116.4063694238663,39.81211637788113;116.4062084913254,39.81224823912242;116.40597245693209,39.81370693722712;116.40352628231045,39.813690454935575;116.40345118045803,39.813690454935575','110000','Âåó‰∫¨Â∏Ç','110100','Âåó‰∫¨Â∏ÇÂ∏ÇËæñÂå∫','110106','‰∏∞Âè∞Âå∫',NULL,NULL,'2019-07-19 23:24:48',NULL,NULL,'2019-07-19 23:24:48'),('5e4555a7f12a47c2a009dba2d9246848','Âä†Êù•Ê£âËä±Âüé','Âåó‰∫¨Â∏Ç‰∏∞Âè∞Âå∫Ëä±‰π°‰π°ÈÉ≠ÂÖ¨Â∫Ñ1Âå∫Âä†Êù•Ê£âËä±Âüé',116.300276,39.816073,'116.29842660561206,39.81712693134544;116.29887721672657,39.81498430691971;116.29952094689014,39.8149678249345;116.29977843895557,39.81467114852441;116.30016467705371,39.81448984564339;116.30151651039722,39.814522809839154;116.30168817177417,39.8152809819781;116.30177400246265,39.81626988959066;116.30162379875782,39.81765433634399','110000','Âåó‰∫¨Â∏Ç','110100','Âåó‰∫¨Â∏ÇÂ∏ÇËæñÂå∫','110106','‰∏∞Âè∞Âå∫',NULL,NULL,'2019-07-19 23:25:01',NULL,NULL,'2019-07-19 23:25:01'),('5f28889c38d20defa1f1f9732910eea1','Âíå‰πâË•øÈáå1Âå∫','Âåó‰∫¨Â∏Ç‰∏∞Âè∞Âå∫Âíå‰πâË°óÈÅì‰∏ñÂòâ‰∏ΩÊô∂',116.398164,39.817999,'116.39613411292436,39.81882449864212;116.39599463805558,39.8175719264895;116.39678857192399,39.817514241695754;116.39743230208757,39.8174400754612;116.39861247405412,39.817382390556766;116.39926693305375,39.817283502036524;116.39981410369279,39.81727526132008;116.40033981665971,39.81731646489241;116.40029690131547,39.81814877176411;116.40024325713517,39.81850311717502;116.39952442511913,39.81860200394036;116.39941713675859,39.81838774910228;116.3962306724489,39.81883273917279','110000','Âåó‰∫¨Â∏Ç','110100','Âåó‰∫¨Â∏ÇÂ∏ÇËæñÂå∫','110106','‰∏∞Âè∞Âå∫',NULL,NULL,'2019-07-19 23:24:50',NULL,NULL,'2019-07-19 23:24:50'),('5f7b17e7c8e4129627df4d62bdb9c76c','Âåó‰∫¨‰∏≠ÈìÅÂ§ßÈÉΩÊúâÈôêÂÖ¨Âè∏‰ΩèÂÆÖÊ•º','Âåó‰∫¨Â∏ÇÂ§ßÂÖ¥Âå∫Ë•øÁ∫¢Èó®ÈïáÂåó‰∫¨‰∏≠ÈìÅÂ§ßÈÉΩÂ∑•Á®ãÊúâÈôêÂÖ¨Âè∏‰ΩèÂÆÖÊ•º',116.343446,39.800854,'116.34286005467175,39.80109800792791;116.3429244276881,39.80066114575315;116.34395439594982,39.80057047589742;116.34405095547436,39.80104030930918;116.34323556393383,39.80111449323866','110000','Âåó‰∫¨Â∏Ç','110100','Âåó‰∫¨Â∏ÇÂ∏ÇËæñÂå∫','110115','Â§ßÂÖ¥Âå∫',NULL,NULL,'2019-07-19 23:24:24',NULL,NULL,'2019-07-19 23:24:24'),('6048352b01a9ec2ccba7202f1cd2a97a','ÁæäÂùäËä±Âõ≠','Âåó‰∫¨Â∏Ç‰∏∞Âè∞Âå∫Ëä±‰π°‰π°ÁæäÂùäËä±Âõ≠',116.308333,39.790893,'116.30610845223072,39.79146049282541;116.3066448940337,39.789778734732515;116.30921981468794,39.79005903060317;116.31029269829395,39.79019093414711;116.31033561363819,39.79175726939738;116.3100137485564,39.79190565720325;116.30846879616382,39.79187268216294;116.30846879616382,39.79187268216294','110000','Âåó‰∫¨Â∏Ç','110100','Âåó‰∫¨Â∏ÇÂ∏ÇËæñÂå∫','110106','‰∏∞Âè∞Âå∫',NULL,NULL,'2019-07-19 23:25:00',NULL,NULL,'2019-07-19 23:25:00'),('6282b6a199e8616d2afa742f33e17dbd','Ë•øÁ∫¢Èó®35Âè∑Èô¢','Âåó‰∫¨Â∏ÇÂ§ßÂÖ¥Âå∫Ë•øÁ∫¢Èó®ÈïáËã±ÂçéÂÆ∂Âõ≠Ë•øÁ∫¢Èó®35Âè∑Èô¢',116.360299,39.794270,'116.35827740013599,39.794602492092515;116.35857780754566,39.79328352986323;116.3604231673479,39.79354732433243;116.36035879433155,39.79389355303797;116.36080940544605,39.79391004007571;116.3608737784624,39.793679221187666;116.36235435783863,39.793844091901036;116.36201103508472,39.79522899029133;116.35956486046314,39.79486628150333','110000','Âåó‰∫¨Â∏Ç','110100','Âåó‰∫¨Â∏ÇÂ∏ÇËæñÂå∫','110115','Â§ßÂÖ¥Âå∫',NULL,NULL,'2019-07-19 23:24:36',NULL,NULL,'2019-07-19 23:24:36'),('62bdafb07595d7f5525c6198936c470e','‰∫îÁà±Â±ØË•øË°óÂ∞èÂå∫','Âåó‰∫¨Â∏Ç‰∏∞Âè∞Âå∫ÂçóËãëË°óÈÅì‰∫îÁà±Â±ØË•øË°óÂ∞èÂå∫',116.376678,39.800250,'116.37694557219743,39.800933158724455;116.37737472563981,39.80091667337022;116.37741764098405,39.79979566001209;116.37580831557511,39.799812145635045;116.37574394255876,39.800521023683444;116.37690265685319,39.80057048001876','110000','Âåó‰∫¨Â∏Ç','110100','Âåó‰∫¨Â∏ÇÂ∏ÇËæñÂå∫','110106','‰∏∞Âè∞Âå∫',NULL,NULL,'2019-07-19 23:24:38',NULL,NULL,'2019-07-19 23:24:38'),('6378bfb11115a2a8f4ca83ab14c6f942','Êñ∞ÂèëÂú∞Â∏ÇÂú∫ÁªèËê•ËÄÖ‰πêÂõ≠','Âåó‰∫¨Â∏Ç‰∏∞Âè∞Âå∫Ëä±‰π°‰π°Êñ∞ÂèëÂú∞Â∏ÇÂú∫ÁªèËê•ËÄÖ‰πêÂõ≠',116.328960,39.809839,'116.32788798540827,39.81135817186516;116.3276304933429,39.808061522264566;116.32848880022766,39.80816042405279;116.33024832934143,39.80883624913103;116.33031270235773,39.81135817186516','110000','Âåó‰∫¨Â∏Ç','110100','Âåó‰∫¨Â∏ÇÂ∏ÇËæñÂå∫','110106','‰∏∞Âè∞Âå∫',NULL,NULL,'2019-07-19 23:24:44',NULL,NULL,'2019-07-19 23:24:44'),('638373a2c6cf783964a6049fdb23c260','ÂçóÂ∫≠Êñ∞ËãëÂçóÂå∫','Âåó‰∫¨Â∏Ç‰∏∞Âè∞Âå∫ÂçóËãëË°óÈÅì‰∫îÁà±Â±ØË•øË°ó38ÂçóÂ∫≠Êñ∞ËãëÂçóÂå∫',116.369218,39.803438,'116.36694629698991,39.80484007621329;116.36735399276017,39.80164202521706;116.37194593459367,39.80190578762802;116.37190301924943,39.80253221929925;116.37027223616838,39.80244979440539;116.37035806685685,39.802713553717936;116.37027223616838,39.80305973628027;116.37027223616838,39.8040653043152;116.37177427321672,39.8040653043152;116.3717528155446,39.80516976373476;116.37050827056169,39.80521921672663;116.36949975997209,39.80502140454571;116.36894186049699,39.80492249824187','110000','Âåó‰∫¨Â∏Ç','110100','Âåó‰∫¨Â∏ÇÂ∏ÇËæñÂå∫','110106','‰∏∞Âè∞Âå∫',NULL,NULL,'2019-07-19 23:24:37',NULL,NULL,'2019-07-19 23:24:37'),('64a3a4270f044dedfdd90f8204953bc0','‰∫îÁà±Â±Ø‰∏úË°ó64Âè∑Èô¢','Âåó‰∫¨Â∏Ç‰∏∞Âè∞Âå∫ÂçóËãëË°óÈÅìÁ∫¢ÊàøÂ≠êÂ∞èÂå∫‰∫îÁà±Â±Ø‰∏úË°ó64Âè∑Èô¢',116.379870,39.798472,'116.37986381560563,39.79914035432932;116.37906988173722,39.79829957430669;116.37924154311418,39.798006947475734;116.37996037513017,39.7978379652175;116.3807221224904,39.79878590910247','110000','Âåó‰∫¨Â∏Ç','110100','Âåó‰∫¨Â∏ÇÂ∏ÇËæñÂå∫','110106','‰∏∞Âè∞Âå∫',NULL,NULL,'2019-07-19 23:24:39',NULL,NULL,'2019-07-19 23:24:39'),('65386ec444fa3397f9bb4e2515482780','‰∏áÊ∫êÂåóË∑Ø9Âè∑Èô¢','Âåó‰∫¨Â∏Ç‰∏∞Âè∞Âå∫‰∏úÈ´òÂú∞Ë°óÈÅì‰∏áÊ∫êÂåóË∑Ø9Âè∑',116.418042,39.803475,'116.41736647814508,39.804187756976376;116.4173772069812,39.803314069110314;116.4173772069812,39.80319867554334;116.4177205297351,39.802827766337934;116.41898653239008,39.802992615120665;116.41886851519348,39.803586067466256;116.41826770037414,39.80356134038744;116.41820332735779,39.804228968394014','110000','Âåó‰∫¨Â∏Ç','110100','Âåó‰∫¨Â∏ÇÂ∏ÇËæñÂå∫','110106','‰∏∞Âè∞Âå∫',NULL,NULL,'2019-07-19 23:24:54',NULL,NULL,'2019-07-19 23:24:54'),('6590346b86a705b972191912c1ab6913','‰∏≠Á¶è‰∏ΩÂÆ´ÂìÅÁâåÂü∫Âú∞','Âåó‰∫¨Â∏Ç‰∏∞Âè∞Âå∫ÂçóËãë‰π°‰∏≠Á¶è‰∏ΩÂÆ´ÂìÅÁâåÂü∫Âú∞',116.355614,39.809407,'116.35346553325655,39.81153947991606;116.35280034542086,39.80806151917391;116.35555765628817,39.80764942685813;116.35589025020602,39.80774008737954;116.35818622112276,39.80745162166917;116.3581754922867,39.810781266506694;116.35535380840304,39.81120158149492','110000','Âåó‰∫¨Â∏Ç','110100','Âåó‰∫¨Â∏ÇÂ∏ÇËæñÂå∫','110106','‰∏∞Âè∞Âå∫',NULL,NULL,'2019-07-19 23:24:41',NULL,NULL,'2019-07-19 23:24:41'),('67a749b1e4401e43b0fb0bbebd6ccf30','Êñ∞ÂèëÂú∞Â§©È™Ñ‰øäÂõ≠ÂçóÂå∫','Âåó‰∫¨Â∏Ç‰∏∞Âè∞Âå∫Ëä±‰π°‰π°Â§©È™Ñ‰øäÂõ≠ÂçóÂå∫',116.351808,39.824871,'116.35022542342546,39.825696760045645;116.35024688109758,39.82521885537419;116.35211369857194,39.82363680240119;116.35277888640763,39.82426303605879;116.3530792938173,39.824889264008824;116.35299346312877,39.82553196570686;116.35247847899797,39.825581404049984;116.35119101867082,39.82553196570686','110000','Âåó‰∫¨Â∏Ç','110100','Âåó‰∫¨Â∏ÇÂ∏ÇËæñÂå∫','110106','‰∏∞Âè∞Âå∫',NULL,NULL,'2019-07-19 23:24:46',NULL,NULL,'2019-07-19 23:24:46'),('67de43cb1401d0b2c2c8a94a0bd2d023','Âåó‰∫¨ÂõΩÈôÖÈú≤Ëê•ÂÖ¨Âõ≠','Âåó‰∫¨Â∏Ç‰∏∞Âè∞Âå∫ÂçóËãë‰π°Âåó‰∫¨ÂõΩÈôÖÈú≤Ëê•ÂÖ¨Âõ≠(ÊöÇÂÅúËê•‰∏ö)',116.382236,39.782211,'116.37885530501603,39.78517135402821;116.37930591613053,39.77918553941816;116.38059337645768,39.77898765235829;116.38093669921159,39.77941640693553;116.38563592940568,39.778855727335575;116.3855500987172,39.78065318401894;116.3855500987172,39.7807521252254;116.38471324950456,39.78070265463995;116.38479908019303,39.781296299318086;116.38544281035661,39.78137874956282;116.38527114897965,39.78513837575992;116.38177354842423,39.78536922330606;116.38140876799821,39.78517135402821;116.37885530501603,39.7853362451326','110000','Âåó‰∫¨Â∏Ç','110100','Âåó‰∫¨Â∏ÇÂ∏ÇËæñÂå∫','110106','‰∏∞Âè∞Âå∫',NULL,NULL,'2019-07-19 23:24:42',NULL,NULL,'2019-07-19 23:24:42'),('68163d4e3cdbae10a9660dc48f2dd604','‰∏≠ÂçóÊπæ','Âåó‰∫¨Â∏ÇÂ§ßÂÖ¥Âå∫ÊóßÂÆ´Èïá‰∫îÁ¶èÂ†ÇÂåóË∑Ø2Âè∑Èô¢‰∏≠ÂçóÊπæ',116.423385,39.783121,'116.42424366742375,39.784716724534114;116.42371795445683,39.784452896201906;116.42162583142522,39.784312736988994;116.4218940523267,39.78201243617245;116.42209790021184,39.78151773777794;116.42365358144042,39.78155896277998;116.42427585393193,39.78174859747128;116.4245333459973,39.782144355143686;116.42535946637395,39.783636670893124;116.42523072034123,39.78414784343176','110000','Âåó‰∫¨Â∏Ç','110100','Âåó‰∫¨Â∏ÇÂ∏ÇËæñÂå∫','110115','Â§ßÂÖ¥Âå∫',NULL,NULL,'2019-07-19 23:24:55',NULL,NULL,'2019-07-19 23:24:55'),('6920e9e10d2d7579dbbbce4cdcac01d2','ÊßêÊñ∞ÂÖ¨Âõ≠','Âåó‰∫¨Â∏Ç‰∏∞Âè∞Âå∫ÂçóËãë‰π°ÊßêÊñ∞ÂÖ¨Âõ≠',116.360765,39.825736,'116.35460278987887,39.82062091301743;116.35558984279629,39.82058795174648;116.35558984279629,39.82025833816756;116.35589025020602,39.81989576140467;116.36627576351168,39.822796321942874;116.36940858364102,39.8309370138775;116.3638295888901,39.830772232108394;116.36464498043063,39.82853116080532;116.36391541957857,39.828102712378744;116.3562764883041,39.82902552105409;116.35640523433688,39.82981649005264;116.35249993801119,39.82998127411437;116.35207078456881,39.82760834548938;116.35528943538668,39.827443555735705;116.35528943538668,39.827443555735705','110000','Âåó‰∫¨Â∏Ç','110100','Âåó‰∫¨Â∏ÇÂ∏ÇËæñÂå∫','110106','‰∏∞Âè∞Âå∫',NULL,NULL,'2019-07-19 23:24:45',NULL,NULL,'2019-07-19 23:24:45'),('6aa448ade1e6f3d2824a6cac6d5bb04b','‰∏áÊ∫êË•øÈáå','Âåó‰∫¨Â∏Ç‰∏∞Âè∞Âå∫‰∏úÈ´òÂú∞Ë°óÈÅì‰∏áÊ∫êÂ∞èÂå∫‰∏áÊ∫êË•øÈáå',116.421185,39.800845,'116.42213008672002,39.803256372351036;116.42288110524413,39.8033552810516;116.42288110524413,39.80277831162603;116.42321369916203,39.80263818974916;116.42317078381774,39.80165732861616;116.42410419255498,39.801566660073924;116.4240720060468,39.79917626447464;116.41883633404973,39.799192750246064;116.41821406155822,39.80278655408048;116.42000577718022,39.80300085754942;116.42024181157353,39.80159138787002;116.42220518857243,39.80160787306247','110000','Âåó‰∫¨Â∏Ç','110100','Âåó‰∫¨Â∏ÇÂ∏ÇËæñÂå∫','110106','‰∏∞Âè∞Âå∫',NULL,NULL,'2019-07-19 23:24:59',NULL,NULL,'2019-07-19 23:24:59'),('6bca1cbda45ac3d0794b622bd45e592a','‰πÖÊï¨‰Ω≥Âõ≠3Âå∫','Âåó‰∫¨Â∏Ç‰∏∞Âè∞Âå∫Âíå‰πâË°óÈÅì‰πÖÊï¨‰Ω≥Âõ≠‰πÖÊï¨‰Ω≥Âõ≠3Âå∫',116.408560,39.818138,'116.40686294898393,39.818478393401314;116.40686294898393,39.818066363532594;116.40807530745866,39.817942754090275;116.40821478232743,39.81771201586975;116.40989920958879,39.81771201586975;116.40994212493302,39.818478393401314','110000','Âåó‰∫¨Â∏Ç','110100','Âåó‰∫¨Â∏ÇÂ∏ÇËæñÂå∫','110106','‰∏∞Âè∞Âå∫',NULL,NULL,'2019-07-19 23:24:50',NULL,NULL,'2019-07-19 23:24:50'),('6e6df96362f8c501f751080975f58d90','ÁêÜÊÉ≥ÂÆ∂Âõ≠','Âåó‰∫¨Â∏ÇÂ§ßÂÖ¥Âå∫Ë•øÁ∫¢Èó®ÈïáÁêÜÊÉ≥ÂÆ∂Âõ≠',116.341307,39.783395,'116.33946974784135,39.784759127630096;116.33930881530046,39.784577745872156;116.33931954413652,39.78403359772949;116.33951266318559,39.782145535198985;116.3396414092183,39.782063085873;116.34157259970902,39.78193116674597;116.34299953490495,39.781873452048366;116.34329994231462,39.78423971495649;116.3432784846425,39.784734393782195;116.34132583647965,39.78478386146914','110000','Âåó‰∫¨Â∏Ç','110100','Âåó‰∫¨Â∏ÇÂ∏ÇËæñÂå∫','110115','Â§ßÂÖ¥Âå∫',NULL,NULL,'2019-07-19 23:24:33',NULL,NULL,'2019-07-19 23:24:33'),('6e9d6fa31e318e6a930fb11833e2ca12','Âåó‰∫¨Áôæ‰∫ãÂèØ‰πêÈ•ÆÊñôÊúâÈôêÂÖ¨Âè∏','Âåó‰∫¨Â∏ÇÂ§ßÂÖ¥Âå∫Ë•øÁ∫¢Èó®ÈïáÂåó‰∫¨Áôæ‰∫ãÂèØ‰πêÈ•ÆÊñôÊúâÈôêÂÖ¨Âè∏',116.377090,39.765983,'116.37616775169971,39.76418455936784;116.37526652947071,39.76792863157093;116.37751958504322,39.76801109782996;116.37878558769825,39.76514121392084;116.37902162209156,39.7651577078483;116.37923619881275,39.76423404182584','110000','Âåó‰∫¨Â∏Ç','110100','Âåó‰∫¨Â∏ÇÂ∏ÇËæñÂå∫','110115','Â§ßÂÖ¥Âå∫',NULL,NULL,'2019-07-19 23:24:59',NULL,NULL,'2019-07-19 23:24:59'),('70731c7f6688a926705cb1c1ed3b60d7','Ê∞∏Êó∫Ê¢¶‰πêÂüé','Âåó‰∫¨Â∏Ç‰∏∞Âè∞Âå∫Ëä±‰π°‰π°Ê∞∏Êó∫Ê¢¶‰πêÂüé',116.292093,39.817989,'116.29053018093106,39.819137639143214;116.2907447576523,39.81669840974377;116.29357717037203,39.816863225268236;116.29357717037203,39.81920356306056','110000','Âåó‰∫¨Â∏Ç','110100','Âåó‰∫¨Â∏ÇÂ∏ÇËæñÂå∫','110106','‰∏∞Âè∞Âå∫',NULL,NULL,'2019-07-19 23:25:05',NULL,NULL,'2019-07-19 23:25:05'),('70fc978615792e0bfacb6fe288443df3','ÈÉ≠ÂÖ¨Â∫ÑÂπ∏Á¶èÂÆ∂Âõ≠‰∏úÂå∫','Âåó‰∫¨Â∏Ç‰∏∞Âè∞Âå∫Ëä±‰π°‰π°ÈÉ≠ÂÖ¨Â∫ÑÂπ∏Á¶èÂÆ∂Âõ≠‰∏úÂå∫',116.310499,39.818115,'116.30857608586552,39.818972829073175;116.30858681470153,39.81755544615487;116.30875847607854,39.81739063229043;116.31244919568303,39.817250540194934;116.31243846684697,39.8187668159298;116.30996010571715,39.8189645885593','110000','Âåó‰∫¨Â∏Ç','110100','Âåó‰∫¨Â∏ÇÂ∏ÇËæñÂå∫','110106','‰∏∞Âè∞Âå∫',NULL,NULL,'2019-07-19 23:25:07',NULL,NULL,'2019-07-19 23:25:07'),('725079ede7500255d5a8ac163abd46bd','‰∏≠Êµ∑‰πùÂè∑ÂÖ¨È¶Ü1Âå∫','Âåó‰∫¨Â∏Ç‰∏∞Âè∞Âå∫Ëä±‰π°‰π°‰∏≠Êµ∑¬∑‰πùÂè∑ÂÖ¨È¶Ü1Âå∫',116.291283,39.816169,'116.2905623701215,39.8164841500012;116.29059455662969,39.815791918324415;116.2913455751538,39.81577543653284;116.29196784764531,39.815783677429124;116.29191420346496,39.816624243658936','110000','Âåó‰∫¨Â∏Ç','110100','Âåó‰∫¨Â∏ÇÂ∏ÇËæñÂå∫','110106','‰∏∞Âè∞Âå∫',NULL,NULL,'2019-07-19 23:25:02',NULL,NULL,'2019-07-19 23:25:02'),('7272a30ada1cc804400423fe7de2d85a','‰∏≠ÂõΩ‰∫∫Ê∞ëÈì∂Ë°åËΩØ‰ª∂ÂºÄÂèë‰∏≠ÂøÉ','Âåó‰∫¨Â∏ÇÂ§ßÂÖ¥Âå∫Ë•øÁ∫¢Èó®Èïá‰∏≠ÂõΩ‰∫∫Ê∞ëÈì∂Ë°åËΩØ‰ª∂ÂºÄÂèë‰∏≠ÂøÉ',116.345942,39.798243,'116.34561737090348,39.79881475318144;116.34542425185441,39.797792622261134;116.34638984709977,39.797685462494535;116.34638984709977,39.79793275401169;116.34633620291947,39.798798267319384','110000','Âåó‰∫¨Â∏Ç','110100','Âåó‰∫¨Â∏ÇÂ∏ÇËæñÂå∫','110115','Â§ßÂÖ¥Âå∫',NULL,NULL,'2019-07-19 23:24:26',NULL,NULL,'2019-07-19 23:24:26'),('730b6a7a1c0483e86735e3a25da138d8','‰∏ñÂòâ„ÉªÂçöËãë','Âåó‰∫¨Â∏ÇÂ§ßÂÖ¥Âå∫Ë•øÁ∫¢Èó®Èïá‰∏ñÂòâ¬∑ÂçöËãë',116.326850,39.791739,'116.32797916442155,39.79311865883669;116.32827957183122,39.790975286134206;116.32471759825944,39.79105772478078;116.32465322524308,39.791568842184425;116.32487853080033,39.791659523907775;116.32509310752152,39.79146991653172;116.32680972129106,39.79253335984278','110000','Âåó‰∫¨Â∏Ç','110100','Âåó‰∫¨Â∏ÇÂ∏ÇËæñÂå∫','110115','Â§ßÂÖ¥Âå∫',NULL,NULL,'2019-07-19 23:24:30',NULL,NULL,'2019-07-19 23:24:30'),('7330175eab93f2f6ce010a501548e4e9','‰∏∞Âè∞Á¨¨ÂÖ´‰∏≠Â≠¶ÈôÑÂ±ûÂ∞èÂ≠¶','Âåó‰∫¨Â∏Ç‰∏∞Âè∞Âå∫Êñ∞ÊùëË°óÈÅìÂØåÈî¶ÂòâÂõ≠Âåó‰∫¨Êù®Áà∏Áà∏Â∞èÁ∫¢Â∏ΩËâ∫ÊúØÂπºÂÑøÂõ≠',116.282697,39.816697,'116.28207585945728,39.8170115599324;116.28323457375166,39.81706100440596;116.28322384491565,39.816327574398755;116.28212950363758,39.81634405605793','110000','Âåó‰∫¨Â∏Ç','110100','Âåó‰∫¨Â∏ÇÂ∏ÇËæñÂå∫','110106','‰∏∞Âè∞Âå∫',NULL,NULL,'2019-07-19 23:25:05',NULL,NULL,'2019-07-19 23:25:05'),('764f47290d8f724c3fedf014d9b88b1c','È∏øÂù§ÂπøÂú∫Ë¥≠Áâ©‰∏≠ÂøÉ','Âåó‰∫¨Â∏ÇÂ§ßÂÖ¥Âå∫Ë•øÁ∫¢Èó®ÈïáÈ∏øÂù§ÂπøÂú∫(Ë•øÁ∫¢Èó®)',116.340295,39.791525,'116.3390835097432,39.79237672968983;116.33886893302201,39.79056309141943;116.34102542906999,39.79054660357945;116.34106834441423,39.79166776769488;116.34224851638078,39.79160181737038;116.34233434706925,39.792253074053995;116.34038169890641,39.79232726746219','110000','Âåó‰∫¨Â∏Ç','110100','Âåó‰∫¨Â∏ÇÂ∏ÇËæñÂå∫','110115','Â§ßÂÖ¥Âå∫',NULL,NULL,'2019-07-19 23:24:29',NULL,NULL,'2019-07-19 23:24:29'),('76e62171cae4cbdaa42262b2cc1e3301','ÈÉ≠ÂÖ¨Â∫Ñ‰∏≠Ë°ó16Âè∑Èô¢','Âåó‰∫¨Â∏Ç‰∏∞Âè∞Âå∫Ëä±‰π°‰π°‰∏∞Âè∞Âå∫Ëä±ÂüéÂπºÂÑøÂõ≠ÂàÜÂõ≠',116.309737,39.813595,'116.30636594429615,39.81432502442747;116.30638740196827,39.81298995801208;116.31282470360401,39.812693273064895;116.31286761894825,39.814374470833755','110000','Âåó‰∫¨Â∏Ç','110100','Âåó‰∫¨Â∏ÇÂ∏ÇËæñÂå∫','110106','‰∏∞Âè∞Âå∫',NULL,NULL,'2019-07-19 23:25:01',NULL,NULL,'2019-07-19 23:25:01'),('77e0e7ff6e086f509750022c4e054346','Á∫¢ÊòüÊ•ºÂçóÂå∫','Âåó‰∫¨Â∏ÇÂ§ßÂÖ¥Âå∫ÊóßÂÆ´ÈïáÁ∫¢ÊòüÊ•ºÂçóÂå∫',116.426621,39.804594,'116.42413637369867,39.8052427614896;116.4242758485675,39.80436908702915;116.42540237635376,39.80433611796419;116.42545602053406,39.803726187411506;116.4285351964831,39.80377564144165;116.4287068578601,39.8052839722749;116.4280845853686,39.80532518303546;116.42788073748346,39.80536639377134;116.42688295572992,39.80530045658207;116.42519852846863,39.80530045658207','110000','Âåó‰∫¨Â∏Ç','110100','Âåó‰∫¨Â∏ÇÂ∏ÇËæñÂå∫','110115','Â§ßÂÖ¥Âå∫',NULL,NULL,'2019-07-19 23:24:53',NULL,NULL,'2019-07-19 23:24:53'),('7998d18fc0c7a827b16a30222b4dd08f','ÂêåÂÖ¥Âõ≠Â∞èÂå∫','Âåó‰∫¨Â∏ÇÂ§ßÂÖ¥Âå∫Ë•øÁ∫¢Èó®ÈïáÂêåÂÖ¥Âõ≠‰ΩèÂÆÖÂ∞èÂå∫ÂêåÂÖ¥Âõ≠',116.364571,39.798219,'116.36481126129627,39.79466843954007;116.36432846367359,39.7946519526841;116.3633414107561,39.7967704813015;116.3621505099535,39.798839487118926;116.36146386444568,39.79993578768123;116.36196811974048,39.79992754488506;116.3670857745409,39.79953188950738;116.36741836845874,39.7972980424818;116.36570175468921,39.79708372124038;116.36548717796802,39.79823775081013;116.3643499213457,39.79853449814097;116.36407097160816,39.79852625517686;116.3643499213457,39.796935344605046;116.36471470177173,39.795212503569736','110000','Âåó‰∫¨Â∏Ç','110100','Âåó‰∫¨Â∏ÇÂ∏ÇËæñÂå∫','110115','Â§ßÂÖ¥Âå∫',NULL,NULL,'2019-07-19 23:24:36',NULL,NULL,'2019-07-19 23:24:36'),('79cdd7bf75ace370a93249e4933f672b','Âåó‰∫¨‰∏≠ÈìÅÂ§ßÈÉΩÊúâÈôêÂÖ¨Âè∏','Âåó‰∫¨Â∏ÇÂ§ßÂÖ¥Âå∫Ë•øÁ∫¢Èó®ÈïáÊ¨£Ëç£ÂåóÂ§ßË°ó31Âè∑',116.343436,39.801405,'116.34290297001598,39.8018480855658;116.34283859699963,39.801147463848274;116.34405095547436,39.801056794633745;116.34410459965466,39.80132055928949;116.34352524250744,39.80168323403919','110000','Âåó‰∫¨Â∏Ç','110100','Âåó‰∫¨Â∏ÇÂ∏ÇËæñÂå∫','110115','Â§ßÂÖ¥Âå∫',NULL,NULL,'2019-07-19 23:24:24',NULL,NULL,'2019-07-19 23:24:24'),('7ab5849f4618aa8ce1958d0262004df4','ÊùéÂÆ∂Â∫Ñ27Âè∑/48Âè∑','Âåó‰∫¨Â∏Ç‰∏∞Âè∞Âå∫ÂçóËãë‰π°ÂçóËãëË•øË∑Ø',116.376164,39.804832,'116.3754918336868,39.80544056994288;116.37603900432589,39.80547353847822;116.37657544612881,39.80522627407778;116.37727282047274,39.80497900878811;116.37726209163662,39.80453392902585;116.37726209163662,39.80436908393829;116.3767256498337,39.80439381072663;116.37589952945712,39.80439381072663;116.37519142627718,39.804319630334966;116.37513778209689,39.80488834462578;116.37530944347384,39.80488834462578;116.37543818950655,39.805127368068604;116.37541673183443,39.805349906389154','110000','Âåó‰∫¨Â∏Ç','110100','Âåó‰∫¨Â∏ÇÂ∏ÇËæñÂå∫','110106','‰∏∞Âè∞Âå∫',NULL,NULL,'2019-07-19 23:24:41',NULL,NULL,'2019-07-19 23:24:41'),('7b9341da96aeb8bae911f253e6c6adc1','È£ûËÖæÂÆ∂Âõ≠','Âåó‰∫¨Â∏Ç‰∏∞Âè∞Âå∫ÂçóËãëË°óÈÅìÈ£ûËÖæÂÆ∂Âõ≠',116.375786,39.803193,'116.3742204478383,39.80419718099949;116.37439210921525,39.80210360877233;116.37728889495133,39.80216954902727;116.3772459796071,39.80423015013103;116.37555082350968,39.8042466346909','110000','Âåó‰∫¨Â∏Ç','110100','Âåó‰∫¨Â∏ÇÂ∏ÇËæñÂå∫','110106','‰∏∞Âè∞Âå∫',NULL,NULL,'2019-07-19 23:24:38',NULL,NULL,'2019-07-19 23:24:38'),('7c8e248444e7bf19fcf5e63e64674a7f','Âæ°ÊßêÂõ≠Â∞èÂå∫','Âåó‰∫¨Â∏Ç‰∏∞Âè∞Âå∫ÂçóËãë‰π°Âæ°ÊßêÂõ≠',116.373991,39.814078,'116.37121102541687,39.81524801299535;116.37123248308899,39.81279216303881;116.37681147783996,39.8128910580212;116.37666127413513,39.81539635011549','110000','Âåó‰∫¨Â∏Ç','110100','Âåó‰∫¨Â∏ÇÂ∏ÇËæñÂå∫','110106','‰∏∞Âè∞Âå∫',NULL,NULL,'2019-07-19 23:24:45',NULL,NULL,'2019-07-19 23:24:45'),('804c4b99f59eb613e75d636bc1b60883','Êò•Ê≥ΩÈô¢‰∏¥19Âè∑','Âåó‰∫¨Â∏Ç‰∏∞Âè∞Âå∫Êñ∞ÊùëË°óÈÅìÊ∞∏ÂêâË∂ÖÂ∏Ç',116.298328,39.785972,'116.29701039656999,39.78690975632958;116.29784724578263,39.78489810386455;116.29977843627336,39.78537628887765;116.29904887542125,39.78669540271911;116.29816911086442,39.786547003674514;116.29782578811052,39.78714059793241','110000','Âåó‰∫¨Â∏Ç','110100','Âåó‰∫¨Â∏ÇÂ∏ÇËæñÂå∫','110106','‰∏∞Âè∞Âå∫',NULL,NULL,'2019-07-19 23:25:03',NULL,NULL,'2019-07-19 23:25:03'),('80e9bcb53fcac3f91a8a688bd71e259f','ÂòâÊÇ¶ÂπøÂú∫','Âåó‰∫¨Â∏ÇÂ§ßÂÖ¥Âå∫Ë•øÁ∫¢Èó®ÈïáÂÆè‰∏öË∑Ø11ÂòâÊÇ¶ÂπøÂú∫',116.323501,39.787091,'116.32455666571855,39.786589407703616;116.32319410353898,39.78581443019237;116.32253964453935,39.78589687502336;116.32240016967057,39.78629260883708;116.32234652549027,39.787586972287976;116.32244308501481,39.78770239205009;116.32244308501481,39.78807338283116;116.3228722384572,39.78811460390557;116.32408459693193,39.78808987126389;116.32464249640702,39.78803216173207;116.3247819712758,39.787908498286576;116.3248356154561,39.78677078415845;116.32484634429215,39.786737806656774','110000','Âåó‰∫¨Â∏Ç','110100','Âåó‰∫¨Â∏ÇÂ∏ÇËæñÂå∫','110115','Â§ßÂÖ¥Âå∫',NULL,NULL,'2019-07-19 23:24:34',NULL,NULL,'2019-07-19 23:24:34'),('820885858981e994c25cf933488c5213','È∏øÂù§ÁêÜÊÉ≥Âüé8Êúü','Âåó‰∫¨Â∏ÇÂ§ßÂÖ¥Âå∫Ë•øÁ∫¢Èó®ÈïáÁêÜÊÉ≥Âüé8Êúü',116.342147,39.785817,'116.34247382193803,39.78733139926849;116.34245236426591,39.786251386671026;116.3415511420369,39.78622665335952;116.34154041320085,39.785402204555396;116.33927662879228,39.785443427230234;116.33927662879228,39.78494050890988;116.34336431533097,39.78491577512717;116.34361107856034,39.787397353687;116.3426669409871,39.78741384228174','110000','Âåó‰∫¨Â∏Ç','110100','Âåó‰∫¨Â∏ÇÂ∏ÇËæñÂå∫','110115','Â§ßÂÖ¥Âå∫',NULL,NULL,'2019-07-19 23:24:32',NULL,NULL,'2019-07-19 23:24:32'),('8243fd097648b42ce5822b6fe7f0a2fc','È¶ñÂºÄÂçéÊ∂¶Âüé','Âåó‰∫¨Â∏Ç‰∏∞Âè∞Âå∫Ëä±‰π°‰π°È¶ñÂºÄÂçéÊ∂¶Âüé',116.315027,39.821120,'116.31332896023991,39.822565598988625;116.31332896023991,39.820019366304166;116.31366155415776,39.81979687547093;116.31468079358342,39.819714471275795;116.31666562825444,39.81958262435809;116.31669781476262,39.822474958020706;116.31669781476262,39.822474958020706;116.31623647481206,39.82250791838652','110000','Âåó‰∫¨Â∏Ç','110100','Âåó‰∫¨Â∏ÇÂ∏ÇËæñÂå∫','110106','‰∏∞Âè∞Âå∫',NULL,NULL,'2019-07-19 23:25:08',NULL,NULL,'2019-07-19 23:25:08'),('831c9d9a43fd58654ee7d2fc2d4f7d67','Ê¨£ËëÜÂÆ∂Âõ≠1Âå∫','Âåó‰∫¨Â∏Ç‰∏∞Âè∞Âå∫Ëä±‰π°‰π°Ê¨£ËëÜÂÆ∂Âõ≠1Âå∫',116.286857,39.804366,'116.28565928667786,39.80527573115007;116.28692528933283,39.80558069022998;116.28804108828308,39.8034789177575;116.28686091631653,39.80311625247869','110000','Âåó‰∫¨Â∏Ç','110100','Âåó‰∫¨Â∏ÇÂ∏ÇËæñÂå∫','110106','‰∏∞Âè∞Âå∫',NULL,NULL,'2019-07-19 23:25:07',NULL,NULL,'2019-07-19 23:25:07'),('8420cec9903265a268b08cf10af57285','Êñ∞ÂèëÂú∞ÈïøÈÄîÂÆ¢ËøêÁ´ô','Âåó‰∫¨Â∏Ç‰∏∞Âè∞Âå∫Ëä±‰π°‰π°Êñ∞ÂèëÂú∞ÈïøÈÄîÂÆ¢ËøêÁ´ô',116.343262,39.825358,'116.34181401595475,39.82600986820037;116.34157798156144,39.82521885537419;116.34226462706926,39.82487278439905;116.3422002540529,39.82446079287014;116.34316584929826,39.82451023198405;116.34391686782243,39.82452671168079;116.34419581755998,39.825251814423765;116.34518287047746,39.825251814423765;116.34513995513322,39.82594395081268;116.3420929656923,39.82604282687049','110000','Âåó‰∫¨Â∏Ç','110100','Âåó‰∫¨Â∏ÇÂ∏ÇËæñÂå∫','110106','‰∏∞Âè∞Âå∫',NULL,NULL,'2019-07-19 23:24:46',NULL,NULL,'2019-07-19 23:24:46'),('842be5316d4d055f67a270bdc9429318','‰πùÈæôÂ±±Â∫ÑÂçóÂå∫','Âåó‰∫¨Â∏ÇÂ§ßÂÖ¥Âå∫Ë•øÁ∫¢Èó®Èïá‰πùÈæôÂÆ∂Âõ≠(ÂåóÂå∫)‰πùÈæôÂÆ∂Âõ≠ÂåóÂå∫',116.345248,39.799485,'116.34515602424739,39.80170796385404;116.34491998985408,39.800644662394426;116.3453276856244,39.799869843223576;116.34559590652583,39.79937527323081;116.34559590652583,39.79885597091039;116.3437612755597,39.79892191427955;116.34365398719905,39.79822950574968;116.34369690254329,39.79801518741096;116.34461958244441,39.79789154191174;116.34530622795222,39.797908027991134;116.34544570282105,39.79795748620565;116.34569246605042,39.79883124213064;116.34635765388606,39.79882299920208;116.346336196214,39.79979565795139;116.34627182319758,39.80038089514614;116.34603578880427,39.80046332251992;116.34586412742738,39.80087545790674;116.34563882187007,39.80178214706324','110000','Âåó‰∫¨Â∏Ç','110100','Âåó‰∫¨Â∏ÇÂ∏ÇËæñÂå∫','110115','Â§ßÂÖ¥Âå∫',NULL,NULL,'2019-07-19 23:24:23',NULL,NULL,'2019-07-19 23:24:23'),('858a3beb6555e6fd251aa23603e187f0','Êñ∞ÂèëÂú∞ÂÜúÂâØ‰∫ßÂìÅÊâπÂèëÂ∏ÇÂú∫','Âåó‰∫¨Â∏Ç‰∏∞Âè∞Âå∫Ëä±‰π°‰π°Âåó‰∫¨Êñ∞ÂèëÂú∞ÂÜúÂâØ‰∫ßÂìÅÊâπÂèëÂ∏ÇÂú∫',116.340871,39.818272,'116.34224851638078,39.82278926330548;116.34402950316667,39.82250910083935;116.34445865660905,39.822311338410785;116.34458740264176,39.82170156733971;116.34445865660905,39.81743301833378;116.34265621215104,39.81731764846466;116.34248455077409,39.81613097571299;116.33641202956437,39.81242249130443;116.33630474120378,39.81288400248701;116.33628328353166,39.815273921538626;116.33851488143205,39.81499372843276;116.33887966185807,39.81683968551514;116.33911569625138,39.816806722430584;116.3393517306447,39.817334129886405;116.3373347094655,39.817350611304185;116.34018857985734,39.822212456983074;116.34173353224992,39.82204765428732;116.34175498992204,39.82222893723089;116.34214122802018,39.822212456983074','110000','Âåó‰∫¨Â∏Ç','110100','Âåó‰∫¨Â∏ÇÂ∏ÇËæñÂå∫','110106','‰∏∞Âè∞Âå∫',NULL,NULL,'2019-07-19 23:24:45',NULL,NULL,'2019-07-19 23:24:45'),('8661da705e8cd22bec9acdcbbb8df7e9','Ê¨£ËëÜÂÆ∂Âõ≠2Âå∫','Âåó‰∫¨Â∏Ç‰∏∞Âè∞Âå∫Ëä±‰π°‰π°Ê¨£ËëÜÂÆ∂Âõ≠2Âå∫',116.288146,39.802516,'116.28697893351318,39.80300085857974;116.2881161901355,39.8034047363788;116.28824493616816,39.80309976764782;116.288577530086,39.80317394935554;116.28894231051203,39.80241564368231;116.28926417559381,39.80250631110515;116.28947875231506,39.80210242802903;116.28780505388971,39.801690299995855','110000','Âåó‰∫¨Â∏Ç','110100','Âåó‰∫¨Â∏ÇÂ∏ÇËæñÂå∫','110106','‰∏∞Âè∞Âå∫',NULL,NULL,'2019-07-19 23:25:07',NULL,NULL,'2019-07-19 23:25:07'),('87f84cfec16d57a93007832f02452153','È∏øÂù§ÂπøÂú∫AÂ∫ß','Âåó‰∫¨Â∏ÇÂ§ßÂÖ¥Âå∫Ë•øÁ∫¢Èó®ÈïáÂÆèÁ¶èË∑Ø299È∏øÂù§¬∑Êñ∞ÈÉΩËçü',116.344752,39.790814,'116.34432991057633,39.7917584492878;116.34411533385514,39.79043943252338;116.34581048995256,39.790422944653756;116.34582121878861,39.79073621350046;116.3447376063466,39.79090109126782;116.3447376063466,39.791420453652016;116.34454448729753,39.791486404150376','110000','Âåó‰∫¨Â∏Ç','110100','Âåó‰∫¨Â∏ÇÂ∏ÇËæñÂå∫','110115','Â§ßÂÖ¥Âå∫',NULL,NULL,'2019-07-19 23:24:28',NULL,NULL,'2019-07-19 23:24:28'),('8892f6356f9c085034858686c2460364','ÁêÜÊÉ≥Âüé6Êúü','Âåó‰∫¨Â∏ÇÂ§ßÂÖ¥Âå∫Ë•øÁ∫¢Èó®ÈïáÁêÜÊÉ≥Âüé6Êúü',116.346589,39.791813,'116.3461430838704,39.79284661907868;116.34587486296891,39.79099177387144;116.34730179816484,39.79098353000332;116.34728034049272,39.791436941282534;116.34690483123063,39.79279715718892','110000','Âåó‰∫¨Â∏Ç','110100','Âåó‰∫¨Â∏ÇÂ∏ÇËæñÂå∫','110115','Â§ßÂÖ¥Âå∫',NULL,NULL,'2019-07-19 23:24:28',NULL,NULL,'2019-07-19 23:24:28'),('891b7dcde480f9cff5591bd5f02ec3be','‰∏∞Âè∞ÂπºÊïô','Âåó‰∫¨Â∏Ç‰∏∞Âè∞Âå∫ÂçóËãëË°óÈÅì‰∏∞Âè∞ËÅå‰∏öÊïôËÇ≤‰∏≠ÂøÉÂ≠¶Ê†°',116.401603,39.805494,'116.4010801036656,39.80593510764603;116.40105864599349,39.80553948683441;116.4007367809117,39.80553948683441;116.4007367809117,39.805308706976355;116.40223881796004,39.805011988877766;116.40221736028792,39.805819718477785','110000','Âåó‰∫¨Â∏Ç','110100','Âåó‰∫¨Â∏ÇÂ∏ÇËæñÂå∫','110106','‰∏∞Âè∞Âå∫',NULL,NULL,'2019-07-19 23:24:43',NULL,NULL,'2019-07-19 23:24:43'),('8a5e4c0158162d6485e3aa83c3848942','ÊòéÊÇ¶Êπæ','Âåó‰∫¨Â∏ÇÂ§ßÂÖ¥Âå∫ÊóßÂÆ´ÈïáÊòéÊÇ¶Êπæ',116.422424,39.785174,'116.42180822163823,39.78627493998916;116.42134688168767,39.786143028936976;116.42147562772033,39.78517017711652;116.42157218724492,39.784477630151045;116.42208717137578,39.784452896201906;116.42329952985051,39.784477630151045;116.42383597165349,39.784593055129356;116.42409346371886,39.78477443684694;116.42356775075194,39.78513719884767','110000','Âåó‰∫¨Â∏Ç','110100','Âåó‰∫¨Â∏ÇÂ∏ÇËæñÂå∫','110115','Â§ßÂÖ¥Âå∫',NULL,NULL,'2019-07-19 23:24:55',NULL,NULL,'2019-07-19 23:24:55'),('8d16327cf14ce174a77396a3e110abb1','ÂÖ¥Ë¥§ÂÖ¨ÂØì','Âåó‰∫¨Â∏ÇÂ§ßÂÖ¥Âå∫ÊóßÂÆ´ÈïáÈò≥ÂÖâËâ∫ÊúØÂÑøÁ´•ÂüπËÆ≠‰∏≠ÂøÉ',116.418524,39.809863,'116.41791364878418,39.80986645750386;116.41837498873468,39.80942965103901;116.41919038027527,39.809882940712335;116.4187290403247,39.8103115027456','110000','Âåó‰∫¨Â∏Ç','110100','Âåó‰∫¨Â∏ÇÂ∏ÇËæñÂå∫','110115','Â§ßÂÖ¥Âå∫',NULL,NULL,'2019-07-19 23:24:53',NULL,NULL,'2019-07-19 23:24:53'),('8d3a261882741e836f2ca40b76d5e093','ÂÆáËà™Â∞èÂå∫','Âåó‰∫¨Â∏ÇÂ§ßÂÖ¥Âå∫ÊóßÂÆ´ÈïáÂÆáËà™Â∞èÂå∫',116.403006,39.785431,'116.40238902837041,39.78572256077021;116.40245340138671,39.78507124226251;116.4037194040418,39.78517017711652;116.40363357335332,39.78582149468768','110000','Âåó‰∫¨Â∏Ç','110100','Âåó‰∫¨Â∏ÇÂ∏ÇËæñÂå∫','110115','Â§ßÂÖ¥Âå∫',NULL,NULL,'2019-07-19 23:24:55',NULL,NULL,'2019-07-19 23:24:55'),('8dfe5f3b6bd10a610bb1a70fc736b17c','Â∫∑Á¶èÂõ≠','Âåó‰∫¨Â∏ÇÂ§ßÂÖ¥Âå∫ÊóßÂÆ´ÈïáÂ∫∑Á¶èÂõ≠',116.429001,39.792698,'116.42852983742955,39.793096869934345;116.42860493928191,39.792350818700214;116.42957053452727,39.79235906240447;116.42961344987151,39.79272590624372;116.4292593982816,39.7927135407529;116.4292218473554,39.793129844387806','110000','Âåó‰∫¨Â∏Ç','110100','Âåó‰∫¨Â∏ÇÂ∏ÇËæñÂå∫','110115','Â§ßÂÖ¥Âå∫',NULL,NULL,'2019-07-19 23:24:57',NULL,NULL,'2019-07-19 23:24:57'),('8e325cd37bb51dfe18d6c4294d9369cb','Âíå‰πâ‰∏úÈáå4Âå∫','Âåó‰∫¨Â∏Ç‰∏∞Âè∞Âå∫Âíå‰πâË°óÈÅìÂíå‰πâ‰∏úÈáåÁ§æÂå∫',116.403232,39.816532,'116.40232464864846,39.81832182646247;116.40307566717269,39.81810757075093;116.40289327695967,39.817267022662826;116.40377304151656,39.817143411782816;116.40405199125411,39.817069245148105;116.40407344892623,39.816624243658936;116.40504977300765,39.816467668375616;116.40500685766341,39.816113312469994;116.40384814336898,39.81610507161323;116.40390178754927,39.81534690856482;116.40237829282881,39.815322185715914','110000','Âåó‰∫¨Â∏Ç','110100','Âåó‰∫¨Â∏ÇÂ∏ÇËæñÂå∫','110106','‰∏∞Âè∞Âå∫',NULL,NULL,'2019-07-19 23:24:48',NULL,NULL,'2019-07-19 23:24:48'),('8e73ce265a1ca187b448e640fe155d7e','ÂØåÈî¶ÂòâÂõ≠2Âå∫','Âåó‰∫¨Â∏Ç‰∏∞Âè∞Âå∫Êñ∞ÊùëË°óÈÅìÂØåÈî¶ÂòâÂõ≠ÂØåÈî¶ÂòâÂõ≠2Âå∫',116.286680,39.816823,'116.28428599968555,39.81733294837461;116.28433964386585,39.816294611068564;116.2870325817168,39.816311092735646;116.28884575501087,39.81641822347521;116.28919980660083,39.8164923908125;116.28924272194507,39.81727526338026;116.28687164917591,39.817308226240115','110000','Âåó‰∫¨Â∏Ç','110100','Âåó‰∫¨Â∏ÇÂ∏ÇËæñÂå∫','110106','‰∏∞Âè∞Âå∫',NULL,NULL,'2019-07-19 23:25:05',NULL,NULL,'2019-07-19 23:25:05'),('8eaaa996f9d536e26afd190a49fe8021','Ë•øÁ∫¢Èó®Ë¥¢Á®éÁªºÂêàÊ•º','Âåó‰∫¨Â∏ÇÂ§ßÂÖ¥Âå∫Ë•øÁ∫¢Èó®ÈïáÂåó‰∫¨Â∏ÇÂ§ßÂÖ¥Âå∫Ë•øÁ∫¢Èó®ÈïáË¥¢ÊîøÊâÄË•øÁ∫¢Èó®Ë¥¢Á®éÁªºÂêàÊ•º',116.347059,39.794325,'116.34692628890275,39.795080610685126;116.34679754287004,39.79416558968588;116.34677608519792,39.79369570930723;116.34724815398454,39.79362976092704;116.34732325583695,39.794404650400914;116.34723742514848,39.79507236730704','110000','Âåó‰∫¨Â∏Ç','110100','Âåó‰∫¨Â∏ÇÂ∏ÇËæñÂå∫','110115','Â§ßÂÖ¥Âå∫',NULL,NULL,'2019-07-19 23:24:27',NULL,NULL,'2019-07-19 23:24:27'),('901db25f922a9e33a9b8a3142dcbf005','ÂÆùËæ∞Ê±ΩËΩ¶Âõ≠','Âåó‰∫¨Â∏Ç‰∏∞Âè∞Âå∫ÂçóËãë‰π°ÂçóÂõõÁéØ‰∏≠Ë∑Ø18-20Âè∑ÂÆùËæ∞Ê±ΩËΩ¶Âõ≠',116.417362,39.830954,'116.41335389614102,39.83185978344989;116.4156284093857,39.8298494458667;116.42039201259615,39.82991535950722;116.42030618190768,39.83189273931357;116.41657254695895,39.83192569516142','110000','Âåó‰∫¨Â∏Ç','110100','Âåó‰∫¨Â∏ÇÂ∏ÇËæñÂå∫','110106','‰∏∞Âè∞Âå∫',NULL,NULL,'2019-07-19 23:24:51',NULL,NULL,'2019-07-19 23:24:51'),('915822f6755ec90f66507993ecdc918f','Êñ∞ÂçéË∑Ø1Âè∑Èô¢','Âåó‰∫¨Â∏Ç‰∏∞Âè∞Âå∫ÂçóËãëË°óÈÅìÊñ∞ÂçéË∑Ø1Âè∑Èô¢',116.393687,39.807857,'116.39305493563415,39.80811921499166;116.39432093828913,39.80811921499166;116.39438531130554,39.807599978704935;116.39301202028992,39.807616462456856','110000','Âåó‰∫¨Â∏Ç','110100','Âåó‰∫¨Â∏ÇÂ∏ÇËæñÂå∫','110106','‰∏∞Âè∞Âå∫',NULL,NULL,'2019-07-19 23:24:47',NULL,NULL,'2019-07-19 23:24:47'),('91f283d9d8531675f272a6bfc555c33f','Êñ∞ÂèëÂú∞Êµ∑‰∫ßÂìÅ‰∫§Êòì','Âåó‰∫¨Â∏Ç‰∏∞Âè∞Âå∫Ëä±‰π°‰π°ÂçéËä≥Ëä±Êú®Âú∫Êñ∞ÂèëÂú∞Â∏ÇÂú∫',116.333638,39.811963,'116.33389613494273,39.8139294488063;116.33583805426957,39.813847037575826;116.33576295241716,39.812470755423654;116.33585951194169,39.81242954894631;116.33588096961381,39.81204220685193;116.33154651984574,39.80953679250427;116.33163235053422,39.812520203163864;116.33348843917253,39.81252844445042;116.33347771033647,39.81266030490123;116.33373520240184,39.812685028707605;116.33376738891008,39.81287457759431','110000','Âåó‰∫¨Â∏Ç','110100','Âåó‰∫¨Â∏ÇÂ∏ÇËæñÂå∫','110106','‰∏∞Âè∞Âå∫',NULL,NULL,'2019-07-19 23:24:44',NULL,NULL,'2019-07-19 23:24:44'),('920fe176e5b2f0fe262ac1ae198f62e6','Ê¥ãÊàøÂ∞èÈïá','Âåó‰∫¨Â∏Ç‰∏∞Âè∞Âå∫Ëä±‰π°‰π°Ê¥ãÊàøÂ∞èÈïá',116.299391,39.784948,'116.29784724578263,39.78489810386455;116.300615285486,39.78557415756615;116.30093715056779,39.784980549793545;116.29808328017589,39.7843209795953','110000','Âåó‰∫¨Â∏Ç','110100','Âåó‰∫¨Â∏ÇÂ∏ÇËæñÂå∫','110106','‰∏∞Âè∞Âå∫',NULL,NULL,'2019-07-19 23:25:03',NULL,NULL,'2019-07-19 23:25:03'),('922541e4b5d0216d54dbfc456cb846b0','Âåó‰∫¨ÂïÜË¥∏Â≠¶Ê†°','Âåó‰∫¨Â∏ÇÂ§ßÂÖ¥Âå∫Ë•øÁ∫¢Èó®ÈïáÂåó‰∫¨ÂïÜË¥∏Â≠¶Ê†°',116.360442,39.790998,'116.35956486046314,39.79315163224927;116.35975797951221,39.79264052660619;116.35877092659473,39.79247565300798;116.35898550331592,39.791354502059946;116.35928591072559,39.789953037678366;116.3595219451189,39.789953037678366;116.3606377440691,39.78869993946618;116.36194666206836,39.78879886910229;116.36156042397022,39.79066201734572;116.36216123878955,39.790777431948854;116.36205395042896,39.79133801440966;116.36134584724903,39.791321526755425;116.36083086311817,39.793398940067995;116.35960777580738,39.79323406828764','110000','Âåó‰∫¨Â∏Ç','110100','Âåó‰∫¨Â∏ÇÂ∏ÇËæñÂå∫','110115','Â§ßÂÖ¥Âå∫',NULL,NULL,'2019-07-19 23:24:36',NULL,NULL,'2019-07-19 23:24:36'),('93354c13c806a679511c8bc858b1c002','ÂçóÈÉäËÇøÁò§ÂåªÈô¢','Âåó‰∫¨Â∏ÇÂ§ßÂÖ¥Âå∫Ë•øÁ∫¢Èó®ÈïáÊòüÂÖâÂÖ¨ÂØì',116.345358,39.786777,'116.345349150002,39.787290177724806;116.34387929946183,39.78734788787902;116.34373982459306,39.78644925284285;116.34448011428117,39.78633383097843;116.34564955741166,39.78618543115393;116.34642203360795,39.78607000884693;116.34684045821427,39.78674605103365;116.34708722144364,39.787232467522166','110000','Âåó‰∫¨Â∏Ç','110100','Âåó‰∫¨Â∏ÇÂ∏ÇËæñÂå∫','110115','Â§ßÂÖ¥Âå∫',NULL,NULL,'2019-07-19 23:24:33',NULL,NULL,'2019-07-19 23:24:33'),('96a38e65ee2f991b310bd17ab540e595','Âπ≥ÊàøÂå∫','Âåó‰∫¨Â∏ÇÂ§ßÂÖ¥Âå∫Ë•øÁ∫¢Èó®ÈïáÈïøÁõõË°ó',116.342830,39.798035,'116.34113271743058,39.79910325512759;116.34099324256181,39.797396954600664;116.34517748862504,39.79709195922543;116.3452955058217,39.79793275401169;116.3436218073964,39.79800694129347;116.34371836692094,39.79900434031098','110000','Âåó‰∫¨Â∏Ç','110100','Âåó‰∫¨Â∏ÇÂ∏ÇËæñÂå∫','110115','Â§ßÂÖ¥Âå∫',NULL,NULL,'2019-07-19 23:24:26',NULL,NULL,'2019-07-19 23:24:26'),('970da5768b0ecb95db3cd60523512780','ÊúàÊ°ÇÂ∫ÑÂõ≠','Âåó‰∫¨Â∏ÇÂ§ßÂÖ¥Âå∫Ë•øÁ∫¢Èó®ÈïáÊúàÊ°ÇÂ∫ÑÂõ≠',116.336591,39.786335,'116.33439500838517,39.78776834611295;116.33441646605729,39.784998221034996;116.33771021872758,39.784998221034996;116.33871872931718,39.78505593311173;116.33896549254655,39.78529502548524;116.33878310233354,39.78728193341311;116.33858998328446,39.787521018051265;116.33801062613725,39.78762819365382;116.3362189105153,39.78771063631141;116.3362189105153,39.78771063631141','110000','Âåó‰∫¨Â∏Ç','110100','Âåó‰∫¨Â∏ÇÂ∏ÇËæñÂå∫','110115','Â§ßÂÖ¥Âå∫',NULL,NULL,'2019-07-19 23:24:32',NULL,NULL,'2019-07-19 23:24:32'),('97af920560a5e913c4b6e7156600e64c','7421Êú∫Âä®ËΩ¶Ê£ÄÊµãÂú∫','Âåó‰∫¨Â∏Ç‰∏∞Âè∞Âå∫Ëä±‰π°‰π°‰∏∞Âè∞Â∑•Á®ãÊú∫Ê¢∞‰øÆÈÄ†ÂéÇÊú∫Âä®ËΩ¶Ê£ÄÊµãÂú∫',116.315203,39.788133,'116.31439375028015,39.78923283875846;116.31392168149353,39.78868872743178;116.31401824101806,39.788012704334186;116.3145654116571,39.78718827693234;116.31510185346008,39.78684201447758;116.31525205716491,39.78706461196998;116.31621765241027,39.7870728563077;116.31653951749206,39.787114077981585;116.31590651616455,39.789290547283116','110000','Âåó‰∫¨Â∏Ç','110100','Âåó‰∫¨Â∏ÇÂ∏ÇËæñÂå∫','110106','‰∏∞Âè∞Âå∫',NULL,NULL,'2019-07-19 23:24:35',NULL,NULL,'2019-07-19 23:24:35'),('981ff8dce6335b96d7582ef2fc64721e','ÁëûÊµ∑ÂÆ∂Âõ≠2Âå∫','Âåó‰∫¨Â∏ÇÂ§ßÂÖ¥Âå∫Ë•øÁ∫¢Èó®ÈïáÁëûÊµ∑(‰∫åÂå∫)ÁëûÊµ∑‰∫åÂå∫',116.331715,39.786530,'116.3291593363881,39.78809811547877;116.32936318427323,39.78644925284285;116.32952411681413,39.78512188971153;116.3295563033223,39.78503944395187;116.33136947661637,39.78506417769015;116.33336504012345,39.78504768853228;116.33416970282792,39.78503944395187;116.33416970282792,39.785229069051375;116.33415897399186,39.786927427075526;116.33412678748368,39.78760346083727;116.33403022795915,39.787826055866084;116.33221705466508,39.78795796369143','110000','Âåó‰∫¨Â∏Ç','110100','Âåó‰∫¨Â∏ÇÂ∏ÇËæñÂå∫','110115','Â§ßÂÖ¥Âå∫',NULL,NULL,'2019-07-19 23:24:33',NULL,NULL,'2019-07-19 23:24:33'),('98789e1710da1b6db2a07114ee1860d1','Á∫¢ÊòüÊ•ºÂ∞èÂå∫','Âåó‰∫¨Â∏ÇÂ§ßÂÖ¥Âå∫ÊóßÂÆ´ÈïáÁ∫¢ÊòüÊ•ºÂ∞èÂå∫',116.427244,39.806171,'116.4257349702716,39.80691589951517;116.42574569910761,39.80534990947994;116.42680785387756,39.80539112020101;116.42770907610657,39.805432330897375;116.42812750071283,39.80538287805876;116.42868540018793,39.80535815162613;116.42882487505676,39.80694062538761;116.42634651392694,39.806948867343095','110000','Âåó‰∫¨Â∏Ç','110100','Âåó‰∫¨Â∏ÇÂ∏ÇËæñÂå∫','110115','Â§ßÂÖ¥Âå∫',NULL,NULL,'2019-07-19 23:24:53',NULL,NULL,'2019-07-19 23:24:53'),('9a28f94c2f7ac2c415b210259b030726','Âåó‰∫¨‰∫åÂïÜÈæôÂíåÈ£üÂìÅÊúâÈôêÂÖ¨Âè∏','Âåó‰∫¨Â∏Ç‰∏∞Âè∞Âå∫ÂçóËãë‰π°ÂçóËãëË•øË∑Ø52Âè∑Âåó‰∫¨‰∫åÂïÜÈæôÂíåÈ£üÂìÅÊúâÈôêÂÖ¨Âè∏',116.367606,39.811309,'116.36657617092135,39.8119268248433;116.36653325557711,39.81157244552676;116.36651179790499,39.811110925538365;116.36672637462618,39.810896647347604;116.36890432834628,39.810674126980985;116.3688828706741,39.811012027994856;116.36790654659274,39.8119268248433','110000','Âåó‰∫¨Â∏Ç','110100','Âåó‰∫¨Â∏ÇÂ∏ÇËæñÂå∫','110106','‰∏∞Âè∞Âå∫',NULL,NULL,'2019-07-19 23:24:40',NULL,NULL,'2019-07-19 23:24:40'),('9cd328e830662079ed4512c7b1ffc4d6','È∏øÂù§ÈáëËûçË∞∑','Âåó‰∫¨Â∏ÇÂ§ßÂÖ¥Âå∫Ë•øÁ∫¢Èó®ÈïáÈ∏øÂù§¬∑ÈáëËûçË∞∑',116.377221,39.781661,'116.37525041610002,39.78269794004291;116.37527187377214,39.780768615412654;116.37887676268815,39.7799935723405;116.37889822036027,39.78065318401894;116.37885530501603,39.78320911955525','110000','Âåó‰∫¨Â∏Ç','110100','Âåó‰∫¨Â∏ÇÂ∏ÇËæñÂå∫','110115','Â§ßÂÖ¥Âå∫',NULL,NULL,'2019-07-19 23:24:41',NULL,NULL,'2019-07-19 23:24:41'),('9d550d294140f1720aaa502edbc2d257','ÊòüÂÖâ‰Ω≥Âõ≠','Âåó‰∫¨Â∏ÇÂ§ßÂÖ¥Âå∫Ë•øÁ∫¢Èó®ÈïáÊòüÂÖâ‰Ω≥Âõ≠Áâ©‰∏öÁÆ°ÁêÜ‰∏≠ÂøÉÊòüÂÖâ‰Ω≥Âõ≠',116.344875,39.789701,'116.34406168967485,39.79020035802735;116.34394367247819,39.78929351617929;116.3456388285756,39.78914512273877;116.34576757460832,39.79015913820267','110000','Âåó‰∫¨Â∏Ç','110100','Âåó‰∫¨Â∏ÇÂ∏ÇËæñÂå∫','110115','Â§ßÂÖ¥Âå∫',NULL,NULL,'2019-07-19 23:24:31',NULL,NULL,'2019-07-19 23:24:31'),('9dec0436cc0833b71fe39a4ceec175fd','Ë≠¶Â§á‰∏úË∑Ø6Âè∑Èô¢2Âå∫','Âåó‰∫¨Â∏Ç‰∏∞Âè∞Âå∫ÂçóËãëË°óÈÅìË≠¶Â§á‰∏úË∑Ø6Âè∑Èô¢2Âå∫',116.417239,39.792872,'116.41502759724852,39.79342249093911;116.41498468190429,39.7921364810123;116.41949079304936,39.7922024308242;116.41934058934447,39.79366979778403;116.4156069543958,39.79353790091072','110000','Âåó‰∫¨Â∏Ç','110100','Âåó‰∫¨Â∏ÇÂ∏ÇËæñÂå∫','110106','‰∏∞Âè∞Âå∫',NULL,NULL,'2019-07-19 23:24:55',NULL,NULL,'2019-07-19 23:24:55'),('9e69c756efec695aa0728bb2687d909a','ËìùÂ§©ÊÄ°ÊôØÂ∞èÂå∫','Âåó‰∫¨Â∏Ç‰∏∞Âè∞Âå∫ÂçóËãëË°óÈÅìËìùÂ§©ÊÄ°ÊôØÂ∞èÂå∫',116.402809,39.794313,'116.40187404021623,39.795664708180674;116.40191695556047,39.79488983290248;116.40176675185563,39.79459306984578;116.40193841323259,39.79312572258198;116.40399834975602,39.793158697021624;116.40382668837907,39.79457658297175;116.40350482329728,39.79459306984578;116.40339753493669,39.79563173494242','110000','Âåó‰∫¨Â∏Ç','110100','Âåó‰∫¨Â∏ÇÂ∏ÇËæñÂå∫','110106','‰∏∞Âè∞Âå∫',NULL,NULL,'2019-07-19 23:24:42',NULL,NULL,'2019-07-19 23:24:42'),('a0fa15386897a42ca4f2663038fb345b','Áø†Êµ∑ÊòéËãëÂçóÂå∫','Âåó‰∫¨Â∏Ç‰∏∞Âè∞Âå∫ÂçóËãëË°óÈÅìÁø†Êµ∑ÊòéËãë(ÂçóÂå∫)Áø†Êµ∑ÊòéËãëÂçóÂå∫',116.359310,39.807668,'116.35840079784396,39.80810272826961;116.36018178462979,39.808168662771415;116.36017105579378,39.80719612245779;116.35857245922085,39.80718788053192;116.35843298435213,39.807336235046115','110000','Âåó‰∫¨Â∏Ç','110100','Âåó‰∫¨Â∏ÇÂ∏ÇËæñÂå∫','110106','‰∏∞Âè∞Âå∫',NULL,NULL,'2019-07-19 23:24:40',NULL,NULL,'2019-07-19 23:24:40'),('a3c006a69541a0536f142ab02ca3d8f6','Á¶èÊòüËä±Âõ≠','Âåó‰∫¨Â∏ÇÂ§ßÂÖ¥Âå∫Ë•øÁ∫¢Èó®ÈïáÁ¶èÂÖ¥Ëä±Âõ≠10Âè∑Ê•ºÁ¶èÊòüËä±Âõ≠',116.351006,39.792132,'116.34935100853443,39.79334947857537;116.3495441275835,39.79209644223238;116.34875019371509,39.79207995475994;116.34875019371509,39.791783179580115;116.34945829689502,39.79173371692565;116.34905060112476,39.790348748161136;116.34950121223926,39.79016738113909;116.3496514159441,39.79089284635836;116.35177572548389,39.790777431948854;116.35233362495899,39.791305039097246;116.35241945564746,39.79156884115395;116.35194738686084,39.79156884115395;116.35222633659839,39.792442678240924;116.35366400063037,39.79234375384489;116.35381420433521,39.79262403926416;116.35385711967945,39.79308568334742;116.34967287361621,39.79343191437665','110000','Âåó‰∫¨Â∏Ç','110100','Âåó‰∫¨Â∏ÇÂ∏ÇËæñÂå∫','110115','Â§ßÂÖ¥Âå∫',NULL,NULL,'2019-07-19 23:24:35',NULL,NULL,'2019-07-19 23:24:35'),('a3c8a7ccc884acb72ee2e1233b41e479','ÂÖ¥Êµ∑ÂÆ∂Âõ≠ÊúàËãë','Âåó‰∫¨Â∏ÇÂ§ßÂÖ¥Âå∫Ë•øÁ∫¢Èó®ÈïáÂÖ¥Êµ∑ÂÆ∂Âõ≠ÊúàËãë',116.336647,39.793491,'116.33423407584428,39.79438816348175;116.3342555335164,39.79278066988442;116.3358755877614,39.79267350230887;116.33887966185807,39.79254160352512;116.33914788275956,39.79421505059165;116.33643348723649,39.79433870270045','110000','Âåó‰∫¨Â∏Ç','110100','Âåó‰∫¨Â∏ÇÂ∏ÇËæñÂå∫','110115','Â§ßÂÖ¥Âå∫',NULL,NULL,'2019-07-19 23:24:30',NULL,NULL,'2019-07-19 23:24:30'),('a42be891fa1b8ae3a33274c46cca68d9','Áõä‰∏∞Âõ≠Â∞èÂå∫ÂåóÂå∫','Âåó‰∫¨Â∏Ç‰∏∞Âè∞Âå∫‰∏úÈ´òÂú∞Ë°óÈÅìÊÄ°È¶®Ëä±Âõ≠Áõä‰∏∞Âõ≠Â∞èÂå∫ÂåóÂå∫',116.416436,39.809623,'116.41543528899552,39.81015491411186;116.41543528899552,39.808819766701816;116.41610047683122,39.80888570051588;116.41702315673234,39.80929778542122;116.41783854827287,39.809775800816766;116.41783854827287,39.81015491411186','110000','Âåó‰∫¨Â∏Ç','110100','Âåó‰∫¨Â∏ÇÂ∏ÇËæñÂå∫','110106','‰∏∞Âè∞Âå∫',NULL,NULL,'2019-07-19 23:24:52',NULL,NULL,'2019-07-19 23:24:52'),('a5e2a36813e7eab018ab56b963c0e7f0','Âåó‰∫¨ÂçéÁßëÂõΩÈôÖÈ´òÂ∞îÂ§´‰ø±‰πêÈÉ®','Âåó‰∫¨Â∏Ç‰∏∞Âè∞Âå∫Ëä±‰π°‰π°Âåó‰∫¨ÂçéÁßëÂõΩÈôÖÈ´òÂ∞îÂ§´‰ø±‰πêÈÉ®',116.280591,39.808296,'116.27611062392594,39.81142410427481;116.28344914779069,39.81287457862448;116.2843503700197,39.81086368553355;116.28181836470964,39.81036919461471;116.2822904334962,39.80990766654786;116.28237626418473,39.809248335363;116.2826766715944,39.808720865862114;116.28280541762712,39.80786371929154;116.2843503700197,39.808193392314166;116.28628156051042,39.808720865862114;116.28769776687028,39.806907658585985;116.28653905257585,39.806281266777034;116.28658196792009,39.80611642587877;116.2828912483156,39.804830653308585;116.28203294143083,39.80605048940879;116.27937219008805,39.80529221545925;116.27997300490739,39.80427018081721;116.27799889907243,39.803709703757185;116.27679726943376,39.805226278198866;116.27593896254899,39.806610947387874;116.27581021651628,39.80776481707646;116.27598187789323,39.809281302072414;116.27623936995866,39.809281302072414','110000','Âåó‰∫¨Â∏Ç','110100','Âåó‰∫¨Â∏ÇÂ∏ÇËæñÂå∫','110106','‰∏∞Âè∞Âå∫',NULL,NULL,'2019-07-19 23:25:06',NULL,NULL,'2019-07-19 23:25:06'),('a6304dfb5bc85133fb83ea70cd4c397b','Êñ∞ÂºÄË∑Ø‰ΩèÂÆÖÂ∞èÂå∫','Âåó‰∫¨Â∏ÇÂ§ßÂÖ¥Âå∫ÊóßÂÆ´ÈïáÂçó‰πâÁõõÂ∫Ñ',116.413191,39.778914,'116.41277454167601,39.779200852967016;116.41353628903624,39.779217343525985;116.41368649274114,39.77865666230425;116.41276381284001,39.778615435563545','110000','Âåó‰∫¨Â∏Ç','110100','Âåó‰∫¨Â∏ÇÂ∏ÇËæñÂå∫','110115','Â§ßÂÖ¥Âå∫',NULL,NULL,'2019-07-19 23:24:56',NULL,NULL,'2019-07-19 23:24:56'),('a8bfd6753b51e92c180c120bf93efb6e','ÁëûÊµ∑ÂÆ∂Âõ≠3Âå∫','Âåó‰∫¨Â∏ÇÂ§ßÂÖ¥Âå∫Ë•øÁ∫¢Èó®ÈïáÁëûÊµ∑(‰∏âÂå∫)ÁëûÊµ∑3Âå∫',116.332110,39.783758,'116.32954557448625,39.78489928593375;116.32968504935502,39.783275081017194;116.33097250968217,39.783382263233804;116.33100469619035,39.782590759852155;116.33099396735429,39.78249182128926;116.33239944487809,39.782467086626326;116.33424480468034,39.78240112748166;116.33423407584428,39.78379450097264;116.33416970282792,39.78476737224409;116.3340946009755,39.78484981832978;116.3316269686818,39.78488279673636','110000','Âåó‰∫¨Â∏Ç','110100','Âåó‰∫¨Â∏ÇÂ∏ÇËæñÂå∫','110115','Â§ßÂÖ¥Âå∫',NULL,NULL,'2019-07-19 23:24:33',NULL,NULL,'2019-07-19 23:24:33'),('aa1fba1b82ab75107be1c1c8d2ad7a79','‰∫øÂüéÂ§©Á≠ë','Âåó‰∫¨Â∏Ç‰∏∞Âè∞Âå∫Ëä±‰π°‰π°‰∫øÂüé¬∑Â§©Á≠ë‰∫øÂüéÂ§©Á≠ë',116.311038,39.820794,'116.31072185307738,39.822046471826546;116.31042144566777,39.82185694823457;116.31047508984807,39.82132133525718;116.30990646153691,39.82132133525718;116.30858681470153,39.82130485479166;116.30858681470153,39.81986279875586;116.30913398534062,39.81977215422276;116.31291053563359,39.81963206698186;116.31300709515813,39.82240903724168;116.31249211102727,39.82241727734252;116.31244919568303,39.82207943239788','110000','Âåó‰∫¨Â∏Ç','110100','Âåó‰∫¨Â∏ÇÂ∏ÇËæñÂå∫','110106','‰∏∞Âè∞Âå∫',NULL,NULL,'2019-07-19 23:25:08',NULL,NULL,'2019-07-19 23:25:08'),('aa53d37c4524fda70f46c64759f2f42f','Èò≥ÂÖâÊòüËãëÂåóÂå∫','Âåó‰∫¨Â∏Ç‰∏∞Âè∞Âå∫ÂçóËãë‰π°Èò≥ÂÖâÊòüËãëÂåóÂå∫',116.371121,39.793951,'116.36836250334977,39.794569518345014;116.36879165679215,39.79285486169306;116.37357671767472,39.7928053998092;116.37306173354386,39.7954927772994','110000','Âåó‰∫¨Â∏Ç','110100','Âåó‰∫¨Â∏ÇÂ∏ÇËæñÂå∫','110106','‰∏∞Âè∞Âå∫',NULL,NULL,'2019-07-19 23:24:37',NULL,NULL,'2019-07-19 23:24:37'),('b0b85ba1606e93a69722fac23f4d94e2','Ë•øÊ¥ºÂú∞Â∞èÂå∫','Âåó‰∫¨Â∏Ç‰∏∞Âè∞Âå∫‰∏úÈ´òÂú∞Ë°óÈÅìË•øÊ¥ºÂú∞',116.406594,39.806562,'116.40760323598977,39.808045046861196;116.40899798467757,39.80591862349099;116.40517851904036,39.80529222267114;116.40425583913924,39.80694063362955','110000','Âåó‰∫¨Â∏Ç','110100','Âåó‰∫¨Â∏ÇÂ∏ÇËæñÂå∫','110106','‰∏∞Âè∞Âå∫',NULL,NULL,'2019-07-19 23:24:43',NULL,NULL,'2019-07-19 23:24:43'),('b11e1b3cc4909cf54aa41653c5401b82','ËØöËãëÂçóÈáå','Âåó‰∫¨Â∏Ç‰∏∞Âè∞Âå∫ÂçóËãëË°óÈÅìËØöËãëÂçóÈáå',116.373136,39.803553,'116.37207468062638,39.80474116964859;116.37211759597062,39.80393342737798;116.37278278380631,39.803867488814504;116.37286861449479,39.80325755410478;116.37218196898698,39.80315864526367;116.37228925734757,39.801955242967445;116.37325485259294,39.801955242967445;116.37325485259294,39.80277949338799;116.37424190551042,39.80282894809903;116.37398441344499,39.80484007621329;116.37246091872453,39.804807107374195','110000','Âåó‰∫¨Â∏Ç','110100','Âåó‰∫¨Â∏ÇÂ∏ÇËæñÂå∫','110106','‰∏∞Âè∞Âå∫',NULL,NULL,'2019-07-19 23:24:38',NULL,NULL,'2019-07-19 23:24:38'),('b136355f75b412a1c04d231c8bdfce61','ÂÆèÂ§ßÂçóÂõ≠','Âåó‰∫¨Â∏ÇÂ§ßÂÖ¥Âå∫Ë•øÁ∫¢Èó®ÈïáÂÆèÂ§ßÂçóÂõ≠',116.331979,39.795095,'116.33279104605322,39.79609041290577;116.33047361746435,39.7947096535714;116.33052189722656,39.79457775869211;116.33274813070892,39.79454890665353;116.33282323256134,39.79544743588816;116.3328768767417,39.7959791288521','110000','Âåó‰∫¨Â∏Ç','110100','Âåó‰∫¨Â∏ÇÂ∏ÇËæñÂå∫','110115','Â§ßÂÖ¥Âå∫',NULL,NULL,'2019-07-19 23:24:27',NULL,NULL,'2019-07-19 23:24:27'),('b78118999f0e4416603f079d233e3f69','ÂÖ¥ÈÉΩËãëÂ∞èÂå∫','Âåó‰∫¨Â∏ÇÂ§ßÂÖ¥Âå∫Ë•øÁ∫¢Èó®ÈïáÂÖ¥ÈÉΩËãë(ÂçóÂå∫)ÂÖ¥ÈÉΩËãëÂ∞èÂå∫',116.337609,39.797727,'116.33729179412126,39.7992433842076;116.33826811820268,39.79914446959253;116.33806427031755,39.79810585754465;116.33954484969377,39.79797396917813;116.33943756133317,39.79693533945308;116.33912642508744,39.79693533945308;116.3391371539235,39.79676223297396;116.33845050841569,39.79674574661989;116.33847196608781,39.797026014101604;116.33737762480973,39.797017770956685;116.33732398062944,39.796193451474856;116.33655150443315,39.79618520823015;116.33649786025285,39.797743163928075;116.33573611289262,39.79773492086912;116.33569319754838,39.79791626793822;116.33569319754838,39.798064642457284;116.33650858908891,39.798600436666526;116.33727033644914,39.79897136867381;116.33720596343278,39.799210412685056','110000','Âåó‰∫¨Â∏Ç','110100','Âåó‰∫¨Â∏ÇÂ∏ÇËæñÂå∫','110115','Â§ßÂÖ¥Âå∫',NULL,NULL,'2019-07-19 23:24:25',NULL,NULL,'2019-07-19 23:24:25'),('b7e689bddf4eca816ca1460424907032','ÂÆèÁõõÂÆ∂Âõ≠‰∏úÂå∫','Âåó‰∫¨Â∏ÇÂ§ßÂÖ¥Âå∫Ë•øÁ∫¢Èó®ÈïáÂÆèÁõõËä±Âõ≠(ÂÆèÁõõË•øÂå∫‰∏úÂåó)ÂÆèÁõõÂÆ∂Âõ≠‰∏úÂå∫',116.336779,39.795264,'116.33430917635559,39.79614811567754;116.33427162542938,39.79452417632513;116.33619745150207,39.794425254922615;116.33914251700043,39.794346942044726;116.33930344954132,39.79556284246215;116.33930881395935,39.79602034518927;116.33684654608368,39.796115142671034','110000','Âåó‰∫¨Â∏Ç','110100','Âåó‰∫¨Â∏ÇÂ∏ÇËæñÂå∫','110115','Â§ßÂÖ¥Âå∫',NULL,NULL,'2019-07-19 23:24:27',NULL,NULL,'2019-07-19 23:24:27'),('b7f16e6c2652b9fff33202d34d0a8c36','‰πùÈæôÂÆ∂Âõ≠‰∏úÂå∫','Âåó‰∫¨Â∏ÇÂ§ßÂÖ¥Âå∫Ë•øÁ∫¢Èó®Èïá‰πùÈæôÂÆ∂Âõ≠-‰∏úÂå∫',116.345920,39.797037,'116.34542424514888,39.79771843783936;116.34514529541133,39.796514940339186;116.34665806129578,39.796399535362774;116.34643275573848,39.797677222519816','110000','Âåó‰∫¨Â∏Ç','110100','Âåó‰∫¨Â∏ÇÂ∏ÇËæñÂå∫','110115','Â§ßÂÖ¥Âå∫',NULL,NULL,'2019-07-19 23:24:25',NULL,NULL,'2019-07-19 23:24:25'),('b89385d8ae597bcc60c43d4ec1226d18','Êñ∞ÂèëÂú∞Ê∞¥Êûú‰∫§ÊòìÂ∏ÇÂú∫','Âåó‰∫¨Â∏Ç‰∏∞Âè∞Âå∫Êñ∞ÂèëÂú∞ÊûúÂìÅÊâπÂèëÂ∏ÇÂú∫',116.339177,39.803511,'116.33699138134716,39.803414155357764;116.33724887341259,39.80317512595921;116.33551080197094,39.80219427248531;116.33559663265942,39.80206239195958;116.33831102818249,39.802219000055736;116.34066064327953,39.80206239195958;116.34062845677136,39.802812459078076;116.34102542370556,39.80282894397782;116.34115416973827,39.80463401658847;116.34117562606934,39.80557362673364;116.34122927024964,39.805845616151096;116.34098250702027,39.80592803697428;116.33773166969416,39.803892213722655','110000','Âåó‰∫¨Â∏Ç','110100','Âåó‰∫¨Â∏ÇÂ∏ÇËæñÂå∫','110106','‰∏∞Âè∞Âå∫',NULL,NULL,'2019-07-19 23:24:24',NULL,NULL,'2019-07-19 23:24:24'),('b9635299163bda6f80b26fe542a984e4','È∏øÂù§ÁêÜÊÉ≥Âüé‰∏úÂå∫','Âåó‰∫¨Â∏ÇÂ§ßÂÖ¥Âå∫Ë•øÁ∫¢Èó®ÈïáÈ∏øÂù§¬∑ÁêÜÊÉ≥Âüé‰∏úÂå∫',116.345968,39.794264,'116.3448448947072,39.794553032495784;116.34470541983842,39.79381111882041;116.34679754287004,39.79365449157703;116.34690483123063,39.7950393937848;116.34613235503434,39.795031150401776;116.34600360900163,39.79454478905447','110000','Âåó‰∫¨Â∏Ç','110100','Âåó‰∫¨Â∏ÇÂ∏ÇËæñÂå∫','110115','Â§ßÂÖ¥Âå∫',NULL,NULL,'2019-07-19 23:24:27',NULL,NULL,'2019-07-19 23:24:27'),('ba7d331c0fc92de24a4d16ced8f68ee5','ËØöËãë‰∏≠Èáå','Âåó‰∫¨Â∏Ç‰∏∞Âè∞Âå∫ÂçóËãëË°óÈÅìËØöËãë‰∏≠Èáå23Âè∑Ê•ºËØöËãë‰∏≠Èáå',116.373449,39.805609,'116.37194593459367,39.80650498203044;116.3736625483632,39.80652146604487;116.3736625483632,39.80592803903477;116.37529333144425,39.80591155487805;116.37546499282121,39.805631323608964;116.37533624678849,39.80538405977599;116.37531478911637,39.805037888915884;116.37514312773942,39.80492249824187;116.3720961382985,39.80490601384404;116.37196739226579,39.80533460690267;116.37188156157731,39.80566429205285','110000','Âåó‰∫¨Â∏Ç','110100','Âåó‰∫¨Â∏ÇÂ∏ÇËæñÂå∫','110106','‰∏∞Âè∞Âå∫',NULL,NULL,'2019-07-19 23:24:38',NULL,NULL,'2019-07-19 23:24:38'),('baa45a001628e0bf0f98e0406c1f7a48','ÁëûÊµ∑ÂÆ∂Âõ≠1Âå∫','Âåó‰∫¨Â∏ÇÂ§ßÂÖ¥Âå∫Ë•øÁ∫¢Èó®ÈïáÁëûÊµ∑(‰∏ÄÂå∫)ÁëûÊµ∑‰∏ÄÂå∫',116.330721,39.789398,'116.32972796469926,39.79056309141943;116.32967432051896,39.790084942456026;116.32917006522416,39.790084942456026;116.32920225173234,39.789046193600605;116.32934172660111,39.78850208079774;116.32956703215837,39.788287732148355;116.33193810492753,39.788172313368264;116.33206685096025,39.7884361274383;116.33217413932084,39.790538359657994;116.33023221999406,39.79062904273977','110000','Âåó‰∫¨Â∏Ç','110100','Âåó‰∫¨Â∏ÇÂ∏ÇËæñÂå∫','110115','Â§ßÂÖ¥Âå∫',NULL,NULL,'2019-07-19 23:24:30',NULL,NULL,'2019-07-19 23:24:30'),('bb180b8e3fa5a0e59b73138bbf47a2ab','Â§ßÊª°Ë¥Ø','Âåó‰∫¨Â∏ÇÂ§ßÂÖ¥Âå∫Ë•øÁ∫¢Èó®ÈïáÈ∏øÂù§¬∑ÁêÜÊÉ≥ÂüéÂ§ßÊª°Ë¥Ø',116.343219,39.791313,'116.34246309310197,39.79221185545932;116.34225924521684,39.79046416432035;116.34391148597001,39.790422944653756;116.34427626639604,39.79210468699759','110000','Âåó‰∫¨Â∏Ç','110100','Âåó‰∫¨Â∏ÇÂ∏ÇËæñÂå∫','110115','Â§ßÂÖ¥Âå∫',NULL,NULL,'2019-07-19 23:24:29',NULL,NULL,'2019-07-19 23:24:29'),('bb92da9aa8c36f3d77e8cd8b4251bf4f','ÂÆèÂ§ßÂåóÂõ≠','Âåó‰∫¨Â∏ÇÂ§ßÂÖ¥Âå∫Ë•øÁ∫¢Èó®ÈïáÂÆèÂ§ßÂåóÂõ≠',116.340764,39.799880,'116.34028513401745,39.80096612529968;116.34072501629589,39.800933154603094;116.34070355862377,39.80043859225747;116.34158332318066,39.800380893085446;116.34148676365612,39.79910325615796;116.3399525400996,39.79919392794821','110000','Âåó‰∫¨Â∏Ç','110100','Âåó‰∫¨Â∏ÇÂ∏ÇËæñÂå∫','110115','Â§ßÂÖ¥Âå∫',NULL,NULL,'2019-07-19 23:24:23',NULL,NULL,'2019-07-19 23:24:23'),('bcf313de7d95fc489bce2067e885ef02','Â§ßÁ∫¢Èó®Èî¶Âõ≠BÂå∫','Âåó‰∫¨Â∏Ç‰∏∞Âè∞Âå∫Âíå‰πâË°óÈÅìÂ§ßÁ∫¢Èó®Èî¶ËãëÂ∞èÂå∫BÂå∫',116.415293,39.817770,'116.41530654296281,39.819417815355195;116.4160790191591,39.819434296273265;116.41635796889665,39.81692915136734;116.41637942656877,39.816648965009364;116.41365430220964,39.816648965009364;116.41425511702897,39.817670815624815;116.41498467788102,39.81880801860786','110000','Âåó‰∫¨Â∏Ç','110100','Âåó‰∫¨Â∏ÇÂ∏ÇËæñÂå∫','110106','‰∏∞Âè∞Âå∫',NULL,NULL,'2019-07-19 23:24:51',NULL,NULL,'2019-07-19 23:24:51'),('be90c509fa3bfa5079bd58ce6d9ec295','È∏øÂù§ÁêÜÊÉ≥ÂüéÊ¥æÈÉ°','Âåó‰∫¨Â∏ÇÂ§ßÂÖ¥Âå∫Ë•øÁ∫¢Èó®ÈïáÈ∏øÂù§ÁêÜÊÉ≥ÂüéÊ¥æÈÉ°',116.345784,39.795823,'116.34514530211686,39.79650669404178;116.34489853888749,39.795344392079755;116.34672244101762,39.79527020192593;116.34688337355851,39.79526195857056;116.34651859313249,39.795921423877736;116.34618599921464,39.795962640249506;116.34623964339494,39.79644074835677','110000','Âåó‰∫¨Â∏Ç','110100','Âåó‰∫¨Â∏ÇÂ∏ÇËæñÂå∫','110115','Â§ßÂÖ¥Âå∫',NULL,NULL,'2019-07-19 23:24:26',NULL,NULL,'2019-07-19 23:24:26'),('c03be6963cf55c33514222f40aa77440','Ëä±‰π°Â••Ëé±Êùë','Âåó‰∫¨Â∏Ç‰∏∞Âè∞Âå∫Ëä±‰π°‰π°Â∑¥Â∫ÑÂ≠êËä±‰π°Â••Ëé±Êùë',116.324013,39.827600,'116.32371447354558,39.82989888110303;116.32612846165898,39.828415808538786;116.32607481747863,39.82608402415596;116.32595680028197,39.82603458617448;116.32442257672545,39.82605930516967;116.32410071164367,39.82577091633916;116.32230899602177,39.825729717836;116.32226608067754,39.827105734475005;116.32203004628423,39.827122213549195;116.32204077512029,39.829083195154844;116.32253430157897,39.82914087023703;116.32332823544743,39.82914087023703;116.32333896428344,39.829816489022726;116.32361791402099,39.82979177137937','110000','Âåó‰∫¨Â∏Ç','110100','Âåó‰∫¨Â∏ÇÂ∏ÇËæñÂå∫','110106','‰∏∞Âè∞Âå∫',NULL,NULL,'2019-07-19 23:25:09',NULL,NULL,'2019-07-19 23:25:09'),('c1a686837ccba4d6585b9e309e05b13f','ÂØåÈî¶ÂòâÂõ≠5Âå∫','Âåó‰∫¨Â∏Ç‰∏∞Âè∞Âå∫Êñ∞ÊùëË°óÈÅìÂØåÈî¶ÂòâÂõ≠ÂØåÈî¶ÂòâÂõ≠5Âå∫',116.288355,39.815636,'116.28721497192981,39.816311092735646;116.28738663330677,39.814704111603085;116.28761193886402,39.814704111603085;116.28952167168262,39.81512440260451;116.28942511215809,39.81645118674612','110000','Âåó‰∫¨Â∏Ç','110100','Âåó‰∫¨Â∏ÇÂ∏ÇËæñÂå∫','110106','‰∏∞Âè∞Âå∫',NULL,NULL,'2019-07-19 23:25:05',NULL,NULL,'2019-07-19 23:25:05'),('c2905d8e1426f02b6c1c79637966806e','‰∫¶ÂÖ¥Êó∂‰ª£','Âåó‰∫¨Â∏ÇÂ§ßÂÖ¥Âå∫Ë•øÁ∫¢Èó®ÈïáÂÆè‰∏öË∑ØÂòâÊÇ¶ÂπøÂú∫',116.324326,39.785973,'116.32484634429215,39.786671851605995;116.3233228495717,39.785764963246315;116.32426698714494,39.78560007316937;116.32486780196427,39.78553411702794;116.32489998847245,39.78572374076414','110000','Âåó‰∫¨Â∏Ç','110100','Âåó‰∫¨Â∏ÇÂ∏ÇËæñÂå∫','110115','Â§ßÂÖ¥Âå∫',NULL,NULL,'2019-07-19 23:24:34',NULL,NULL,'2019-07-19 23:24:34'),('c3df5cc73eaa04bb0e225aa4a869e802','‰πùÈæôÂ±±Â∫Ñ1Êúü','Âåó‰∫¨Â∏ÇÂ§ßÂÖ¥Âå∫Ë•øÁ∫¢Èó®Èïá‰πùÈæôÂ±±Â∫Ñ(‰∏ÄÂå∫)‰πùÈæôÂ±±Â∫Ñ1Âå∫',116.338885,39.798558,'116.33824665516613,39.7991444706229;116.33806426495312,39.79809761555951;116.33953411549328,39.7979574841449;116.33973796337841,39.79905379876742','110000','Âåó‰∫¨Â∏Ç','110100','Âåó‰∫¨Â∏ÇÂ∏ÇËæñÂå∫','110115','Â§ßÂÖ¥Âå∫',NULL,NULL,'2019-07-19 23:24:23',NULL,NULL,'2019-07-19 23:24:23'),('c52afa380994f27cf67bdb5d982994ec','‰∏≠Êµ∑ËãèÈªé‰∏ñÂÆ∂','Âåó‰∫¨Â∏Ç‰∏∞Âè∞Âå∫Ëä±‰π°‰π°‰∏≠Êµ∑ËãèÈªé‰∏ñÂÆ∂',116.282867,39.818380,'116.2814321292937,39.81890690596453;116.28152868881824,39.817975720750276;116.28172180786731,39.81786859243847;116.28252647057178,39.817819148545944;116.2842216266692,39.817819148545944;116.28418944016101,39.81893162752396;116.28197929993274,39.81891514648533','110000','Âåó‰∫¨Â∏Ç','110100','Âåó‰∫¨Â∏ÇÂ∏ÇËæñÂå∫','110106','‰∏∞Âè∞Âå∫',NULL,NULL,'2019-07-19 23:25:05',NULL,NULL,'2019-07-19 23:25:05'),('c5861c6c727636c7f8c3445613733974','Âåó‰∫¨ÁöáÂÆ∂‰∫¨ÈÉΩÈÖí‰∏öÊúâÈôêÂÖ¨Âè∏','Âåó‰∫¨Â∏ÇÂ§ßÂÖ¥Âå∫ÊóßÂÆ´ÈïáÂåó‰∫¨ÁöáÂÆ∂‰∫¨ÈÉΩÈÖí‰∏öÊúâÈôêÂÖ¨Âè∏',116.413829,39.813197,'116.41234538421037,39.81160541524233;116.41266724929216,39.814819484829265;116.413718675226,39.814654664403825;116.41629359588029,39.81289106111166;116.41425511702897,39.8121658279366;116.41343972548844,39.811935070321695','110000','Âåó‰∫¨Â∏Ç','110100','Âåó‰∫¨Â∏ÇÂ∏ÇËæñÂå∫','110115','Â§ßÂÖ¥Âå∫',NULL,NULL,'2019-07-19 23:24:52',NULL,NULL,'2019-07-19 23:24:52'),('c604476109d36661b98d6e2ca728c2ee','‰∏úÈ´òÂú∞Â∞èÂå∫','Âåó‰∫¨Â∏Ç‰∏∞Âè∞Âå∫‰∏úÈ´òÂú∞Ë°óÈÅì‰∏úÈ´òÂú∞',116.420895,39.807365,'116.4232673379779,39.80809448954313;116.42406127184626,39.80844064501344;116.42484447687866,39.80838295255611;116.42478010386225,39.80660270436161;116.4242758485675,39.80660270436161;116.42429730623957,39.806437864234034;116.42401835650202,39.806437864234034;116.42399689882996,39.80542408876006;116.4209177228808,39.80538287805876;116.42092845171692,39.80626478167473;116.4198448392749,39.806248297598714;116.41994139879938,39.80563014189603;116.4207460615039,39.80563014189603;116.42075679033991,39.80536639377134;116.41884705752136,39.80538287805876;116.41786000460388,39.80654501036191;116.41654035776855,39.80825108390036;116.4172162744403,39.80850657919113;116.41795656412842,39.808860974312786;116.41813895434137,39.80905053374423;116.41885778635736,39.80950382591734;116.4192976686358,39.809726350072204;116.42020961970093,39.80867965610671;116.42215153902771,39.80961096726701','110000','Âåó‰∫¨Â∏Ç','110100','Âåó‰∫¨Â∏ÇÂ∏ÇËæñÂå∫','110106','‰∏∞Âè∞Âå∫',NULL,NULL,'2019-07-19 23:24:53',NULL,NULL,'2019-07-19 23:24:53'),('c6a9ab162ae459675c68071871919cda','Ê°ÉÊ∫êÈáå','Âåó‰∫¨Â∏Ç‰∏∞Âè∞Âå∫‰∏úÈ´òÂú∞Ë°óÈÅìÊ°ÉÊ∫êÈáå',116.425295,39.794796,'116.42217299401761,39.79578010923803;116.4224412149191,39.794263326462264;116.42631432473661,39.79465901215022;116.42671129167081,39.79227662016512;116.42769834458824,39.79237554465772;116.4274837678671,39.793999534739;116.42732283532621,39.79507118232137;116.42704388558866,39.79611808345169;116.42604610383506,39.796010921075954;116.42594954431058,39.79619227269094;116.42485520303251,39.795961461461594;116.42475864350791,39.79568943294692;116.42403981149192,39.79559875653627;116.42395398080345,39.796027407606154;116.4225055879354,39.795903758533264;116.4225055879354,39.795903758533264','110000','Âåó‰∫¨Â∏Ç','110100','Âåó‰∫¨Â∏ÇÂ∏ÇËæñÂå∫','110106','‰∏∞Âè∞Âå∫',NULL,NULL,'2019-07-19 23:24:58',NULL,NULL,'2019-07-19 23:24:58'),('c84290fda6d576f51532839be851228b','Êñ∞ÂèëÂú∞ÂÜú‰∫ßÂìÅ‰∏≠Â§ÆÊâπÂèëÂ∏ÇÂú∫','Âåó‰∫¨Â∏Ç‰∏∞Âè∞Âå∫Êñ∞ÊùëË°óÈÅìÂåó‰∫¨ÂÜú‰∫ßÂìÅ‰∏≠Â§ÆÊâπÂèëÂ∏ÇÂú∫',116.337818,39.821265,'116.33624036818742,39.82298702435854;116.33624036818742,39.81934483368223;116.33815010100602,39.81894929004265;116.34027441054582,39.82290462398895;116.3376780322194,39.82298702435854','110000','Âåó‰∫¨Â∏Ç','110100','Âåó‰∫¨Â∏ÇÂ∏ÇËæñÂå∫','110106','‰∏∞Âè∞Âå∫',NULL,NULL,'2019-07-19 23:24:44',NULL,NULL,'2019-07-19 23:24:44'),('c89da644045a31e20e5e2c34b60c3852','C-Park','Âåó‰∫¨Â∏ÇÂ§ßÂÖ¥Âå∫Ë•øÁ∫¢Èó®ÈïáÊòÜ‰ªëÂÜ≥Ë¢ãÈº†ËææËææÊ†ºÊñóÂ≠¶Èô¢(Ë•øÁ∫¢Èó®Â∫ó)',116.346781,39.789140,'116.34586413413285,39.79012616232514;116.34557445555924,39.78813109232843;116.34673316985368,39.788065138613334;116.34677608519792,39.78827948795623;116.3476022055745,39.78818055757324;116.34787042647599,39.78890604374468;116.34803135901689,39.789779914656876;116.34793479949235,39.790035478580485;116.34687264472245,39.790134406296005','110000','Âåó‰∫¨Â∏Ç','110100','Âåó‰∫¨Â∏ÇÂ∏ÇËæñÂå∫','110115','Â§ßÂÖ¥Âå∫',NULL,NULL,'2019-07-19 23:24:31',NULL,NULL,'2019-07-19 23:24:31'),('cfab3b033eeffeca9503973fbe04d0ed','ËèäÊ∫êÂçóÈáåÂ∞èÂå∫','Âåó‰∫¨Â∏ÇÂ§ßÂÖ¥Âå∫ÊóßÂÆ´ÈïáËèäÊ∫êÂçóÈáåÂ∞èÂå∫',116.424520,39.787366,'116.42164728909734,39.78788258561392;116.42179749280211,39.787260142662;116.42157755166295,39.78720243243419;116.42167947560546,39.78680670385361;116.42176530629399,39.78674074886888;116.42223737508056,39.78681907040622;116.42257533341649,39.786839681322256;116.42267189294103,39.78681907040622;116.42280063897368,39.78641921741293;116.42597101002934,39.78678609292767;116.42608366280797,39.786377995322724;116.42716727524999,39.78650990592445;116.42716727524999,39.786798459483975;116.42710290223363,39.787231287554135;116.42701170712712,39.78775892189956;116.4267005708814,39.78771357848194;116.42663619786498,39.787787776786125;116.4265128162503,39.78841845914088;116.42434022694829,39.78819174392733','110000','Âåó‰∫¨Â∏Ç','110100','Âåó‰∫¨Â∏ÇÂ∏ÇËæñÂå∫','110115','Â§ßÂÖ¥Âå∫',NULL,NULL,'2019-07-19 23:24:57',NULL,NULL,'2019-07-19 23:24:57'),('d2076e3b1b26e88d04cd909a76817156','Â∫∑‰πêÂõ≠','Âåó‰∫¨Â∏ÇÂ§ßÂÖ¥Âå∫ÊóßÂÆ´ÈïáÂ∫∑‰πêÂõ≠(Â∫∑Á¶èÂõ≠Ë•øÂåó)Â∫∑‰πêÂõ≠',116.428563,39.793664,'116.4275481489301,39.79407785316459;116.42773053914311,39.79404900091635;116.42920038968327,39.794086096661886;116.42924330502751,39.793154575217535;116.42854593068364,39.79312572258198;116.42854593068364,39.7933606651194;116.42781100541356,39.793397761236186;116.42778418332341,39.79390886125266','110000','Âåó‰∫¨Â∏Ç','110100','Âåó‰∫¨Â∏ÇÂ∏ÇËæñÂå∫','110115','Â§ßÂÖ¥Âå∫',NULL,NULL,'2019-07-19 23:24:57',NULL,NULL,'2019-07-19 23:24:57'),('d25bced5b57c017a50fbf515c330ba7a','Ëä≥Âõ≠ÈáåÂ∞èÂå∫','Âåó‰∫¨Â∏ÇÂ§ßÂÖ¥Âå∫ÊóßÂÆ´ÈïáËä≥Ê∫êÈáå',116.417092,39.784469,'116.41367576390508,39.786250205655605;116.41479156285521,39.78140230661022;116.41708753377196,39.78136932653545;116.41786000996831,39.78155071675094;116.4176883485913,39.783183207173884;116.41695878773925,39.78326565515773;116.41695878773925,39.78385927772518;116.4175166872144,39.7839911931558;116.4182462480664,39.7839911931558;116.41831062108281,39.78371087256343;116.41949079304936,39.78371087256343;116.41987703114751,39.783447040374455;116.41998431950805,39.78310075909124;116.42092845708135,39.78311724871566;116.42013452321294,39.78707464429834','110000','Âåó‰∫¨Â∏Ç','110100','Âåó‰∫¨Â∏ÇÂ∏ÇËæñÂå∫','110115','Â§ßÂÖ¥Âå∫',NULL,NULL,'2019-07-19 23:24:55',NULL,NULL,'2019-07-19 23:24:55'),('d2a85276d5d1cd6f4987da1171d36825','Âåó‰∫¨‰∫¨Á≤ÆÂÖ¥‰∏öËµÑ‰∫ßÁÆ°ÁêÜ‰∏≠ÂøÉ','Âåó‰∫¨Â∏Ç‰∏∞Âè∞Âå∫Âíå‰πâË°óÈÅìÂíå‰πâ‰∏úÈáåÁ¨¨‰∏ÄÁ§æÂå∫Â±ÖÂßî‰ºöÂ§ñÊù•‰∫∫Âè£ÁÆ°ÁêÜÁ´ô',116.407106,39.816752,'116.40962025716897,39.81725878194442;116.40923401907088,39.81549524547148;116.40510341718789,39.81619572098318;116.40526434972884,39.81676433703108;116.40452406004073,39.81678905936123;116.40458843305709,39.817151652515065;116.40411636427046,39.81720109688783;116.40422365263106,39.81776146395967;116.40537163808943,39.8175389658163;116.40537163808943,39.81783562984741','110000','Âåó‰∫¨Â∏Ç','110100','Âåó‰∫¨Â∏ÇÂ∏ÇËæñÂå∫','110106','‰∏∞Âè∞Âå∫',NULL,NULL,'2019-07-19 23:24:49',NULL,NULL,'2019-07-19 23:24:49'),('d345b7b4c00d06287728a5f72da6130b','‰∏≠ÁßëÁîµÂïÜË∞∑1Êúü','Âåó‰∫¨Â∏ÇÂ§ßÂÖ¥Âå∫ÊóßÂÆ´ÈïáÂπøÂæ∑Â§ßË°ó20Âè∑Èô¢‰∏≠ÁßëÁîµÂïÜË∞∑(ÂêâÂú∫Ë∑Ø)',116.420611,39.780105,'116.41917965680358,39.78125389718004;116.41941569119689,39.778879286277316;116.42207644253966,39.77893700348611;116.42175457745788,39.78137757258627','110000','Âåó‰∫¨Â∏Ç','110100','Âåó‰∫¨Â∏ÇÂ∏ÇËæñÂå∫','110115','Â§ßÂÖ¥Âå∫',NULL,NULL,'2019-07-19 23:24:56',NULL,NULL,'2019-07-19 23:24:56'),('d4facc378e3fc9ea7476bbf296b29074','ÂçóËãëÂåªÈô¢','Âåó‰∫¨Â∏Ç‰∏∞Âè∞Âå∫ÂçóËãëË°óÈÅìÂçóËãëÂåªÈô¢',116.399781,39.805983,'116.39859101369979,39.80641314642282;116.39859101369979,39.80563839225073;116.40069386556746,39.80555597108034;116.40086552694441,39.80553948683441;116.40092989996077,39.80593510764603;116.4020886142552,39.805786750108425;116.40052220419051,39.80621533767693;116.40013596609236,39.80644611449181','110000','Âåó‰∫¨Â∏Ç','110100','Âåó‰∫¨Â∏ÇÂ∏ÇËæñÂå∫','110106','‰∏∞Âè∞Âå∫',NULL,NULL,'2019-07-19 23:24:43',NULL,NULL,'2019-07-19 23:24:43'),('d875e0ebd83815cd21ebca46abd85b53','È∏øÂù§ÁêÜÊÉ≥Âüé','Âåó‰∫¨Â∏ÇÂ§ßÂÖ¥Âå∫Ë•øÁ∫¢Èó®ÈïáÈ∏øÂù§ÁêÜÊÉ≥ÂüéÈ∏øÂù§¬∑ÁêÜÊÉ≥Âüé',116.341906,39.793913,'116.33949120551347,39.795599941512855;116.3391371539235,39.79254160352512;116.34425480872392,39.79222834290015;116.34475906401872,39.79522899132175;116.342109041512,39.79543507500825','110000','Âåó‰∫¨Â∏Ç','110100','Âåó‰∫¨Â∏ÇÂ∏ÇËæñÂå∫','110115','Â§ßÂÖ¥Âå∫',NULL,NULL,'2019-07-19 23:24:28',NULL,NULL,'2019-07-19 23:24:28'),('d92d8ed7416e0fa45648f80396c500b0','Âåó‰∫¨ÊïôËÇ≤ÁßëÂ≠¶Á†îÁ©∂Èô¢','Âåó‰∫¨Â∏Ç‰∏∞Âè∞Âå∫ÂçóËãë‰π°Âåó‰∫¨ÊïôËÇ≤ÁßëÂ≠¶Á†îÁ©∂Èô¢(‰∏∞Âè∞Â≠¶Ê†°)',116.373435,39.790455,'116.37267549544572,39.791354502059946;116.37304027587174,39.78955732491933;116.37413461714982,39.78955732491933;116.37387712508439,39.7912885514351','110000','Âåó‰∫¨Â∏Ç','110100','Âåó‰∫¨Â∏ÇÂ∏ÇËæñÂå∫','110106','‰∏∞Âè∞Âå∫',NULL,NULL,'2019-07-19 23:24:37',NULL,NULL,'2019-07-19 23:24:37'),('da2ccd4eaac758c4d702630906f1b604','ÂçóÂ∫≠Êñ∞ËãëÂåóÂå∫','Âåó‰∫¨Â∏Ç‰∏∞Âè∞Âå∫ÂçóËãëË°óÈÅìÂçóÂ∫≠Êñ∞ËãëÂåóÂå∫',116.368936,39.806739,'116.36653860121964,39.80825226556825;116.36651714354753,39.80792259282793;116.36688192397355,39.805037888915884;116.36701067000627,39.80488952944229;116.36885602980851,39.80488952944229;116.36941392928361,39.80508734200258;116.37025077849626,39.80521921672663;116.370744304955,39.80528515399378;116.3706370165944,39.806208269094476;116.3715382388234,39.80615881681401;116.37147386580705,39.808318199926624;116.36834104567765,39.80830171634297','110000','Âåó‰∫¨Â∏Ç','110100','Âåó‰∫¨Â∏ÇÂ∏ÇËæñÂå∫','110106','‰∏∞Âè∞Âå∫',NULL,NULL,'2019-07-19 23:24:37',NULL,NULL,'2019-07-19 23:24:37'),('db288a03ef4381dfa1ded38e43040b58','ÂçóÂ∞èË°óËÄÅÂ∑•‰∏öÂå∫Áî≤28Âè∑Èô¢','Âåó‰∫¨Â∏ÇÂ§ßÂÖ¥Âå∫ÊóßÂÆ´ÈïáÂåó‰∫¨Â∏ÇÈáëËàíÂ∞öÂà∂Ë°£ÊúâÈôêÂÖ¨Âè∏',116.413048,39.781877,'116.41177675992253,39.781715617562504;116.41185186177495,39.7811796918296;116.41401908665893,39.78125389718004;116.41380450993779,39.78275447709597;116.41249559193847,39.7826967630889;116.41260288029912,39.78175684244603','110000','Âåó‰∫¨Â∏Ç','110100','Âåó‰∫¨Â∏ÇÂ∏ÇËæñÂå∫','110115','Â§ßÂÖ¥Âå∫',NULL,NULL,'2019-07-19 23:24:56',NULL,NULL,'2019-07-19 23:24:56'),('dbbea66ab9c3d3b5c07a8cc9fa0ba859','ÁõäËæ∞Ê¨£Âõ≠','Âåó‰∫¨Â∏Ç‰∏∞Âè∞Âå∫Ëä±‰π°‰π°ÁõäËæ∞Ê¨£Âõ≠',116.314928,39.823694,'116.31331822603943,39.82469974413789;116.31329676836731,39.82262327645229;116.31650469034912,39.82263151652744;116.31652614802118,39.82462558565824;116.316493961513,39.82481510161384','110000','Âåó‰∫¨Â∏Ç','110100','Âåó‰∫¨Â∏ÇÂ∏ÇËæñÂå∫','110106','‰∏∞Âè∞Âå∫',NULL,NULL,'2019-07-19 23:25:09',NULL,NULL,'2019-07-19 23:25:09'),('dc079fae7617681fbb7012c5a5050b4f','ÂçéÂ§èÂπ∏Á¶èÂàõÊñ∞‰∏≠ÂøÉ','Âåó‰∫¨Â∏Ç‰∏∞Âè∞Âå∫Êñ∞ÊùëË°óÈÅìÂçéÂ§èÂπ∏Á¶èÂàõÊñ∞‰∏≠ÂøÉ',116.301711,39.823951,'116.3005616399646,39.82514469333494;116.30052945345642,39.822829278034504;116.30290052622559,39.82278807776746;116.30287906855341,39.8250622955529','110000','Âåó‰∫¨Â∏Ç','110100','Âåó‰∫¨Â∏ÇÂ∏ÇËæñÂå∫','110106','‰∏∞Âè∞Âå∫',NULL,NULL,'2019-07-19 23:25:10',NULL,NULL,'2019-07-19 23:25:10'),('dca34dea7b3938d18b0e3c85cfc38db4','Êñ∞ÂèëÂú∞Â§©È™Ñ‰øäÂõ≠ÂåóÂå∫','Âåó‰∫¨Â∏Ç‰∏∞Âè∞Âå∫Ëä±‰π°‰π°Êñ∞ÂèëÂú∞Â§©È™Ñ‰øäÂõ≠Êñ∞ÂèëÂú∞Â§©È™Ñ‰øäÂõ≠ÂåóÂå∫',116.352732,39.826567,'116.35080478057267,39.8275918665318;116.35024688109758,39.8256473217855;116.35494611129167,39.825680280629534;116.35503194198014,39.82600986820037;116.35507485732438,39.827410597737526','110000','Âåó‰∫¨Â∏Ç','110100','Âåó‰∫¨Â∏ÇÂ∏ÇËæñÂå∫','110106','‰∏∞Âè∞Âå∫',NULL,NULL,'2019-07-19 23:24:45',NULL,NULL,'2019-07-19 23:24:45'),('dced1f7ed876cf2d8fd0c62a10520dd7','ÈÉ≠ÂÖ¨Â∫Ñ701Âè∑','Âåó‰∫¨Â∏Ç‰∏∞Âè∞Âå∫Ëä±‰π°‰π°ÈÉ≠ÂÖ¨Â∫Ñ701Âè∑',116.304293,39.808219,'116.30364081993702,39.80916592058069;116.30329749718305,39.80745162785059;116.30503556862476,39.807319757408465;116.30525014534595,39.808984603178885','110000','Âåó‰∫¨Â∏Ç','110100','Âåó‰∫¨Â∏ÇÂ∏ÇËæñÂå∫','110106','‰∏∞Âè∞Âå∫',NULL,NULL,'2019-07-19 23:25:00',NULL,NULL,'2019-07-19 23:25:00'),('df7bd3cb4257b67ecd47731efb55d368','Ê¢ÖÊ∫êÈáåÂ∞èÂå∫','Âåó‰∫¨Â∏Ç‰∏∞Âè∞Âå∫‰∏úÈ´òÂú∞Ë°óÈÅìÊ¢ÖÊ∫êÈáåÂ∞èÂå∫(‰∏áÊ∫êÂçóË∑Ø)Ê¢ÖÊ∫êÈáåÂ∞èÂå∫',116.420902,39.796538,'116.41896507203575,39.79907734770229;116.41914746224882,39.7983602117883;116.41979119241239,39.7983602117883;116.41987702310087,39.79784914484924;116.41931912362571,39.797783200451434;116.4200272268057,39.79414791770781;116.4200272268057,39.794048995764165;116.4224412149191,39.79419737862628;116.4221086210012,39.795821325694455;116.4228918260336,39.795920245089135;116.42292401254178,39.796167542953405;116.42237684190275,39.79746172060665;116.42131468713285,39.79729685856487;116.42106792390348,39.79846737050354;116.42192623078824,39.798525071281055;116.42178675591941,39.799052619002154;116.420091599822,39.79908559060037','110000','Âåó‰∫¨Â∏Ç','110100','Âåó‰∫¨Â∏ÇÂ∏ÇËæñÂå∫','110106','‰∏∞Âè∞Âå∫',NULL,NULL,'2019-07-19 23:24:58',NULL,NULL,'2019-07-19 23:24:58'),('e002d95efe04fca7ac502d87da980991','‰∏≠Êµ∑‰πùÂè∑ÂÖ¨È¶Ü3Âå∫','Âåó‰∫¨Â∏Ç‰∏∞Âè∞Âå∫Ëä±‰π°‰π°‰∏≠Êµ∑‰πùÂè∑ÂÖ¨È¶Ü3Âå∫',116.295810,39.815736,'116.29383466377857,39.816599522299576;116.29392049446705,39.814440399320134;116.29694602623584,39.814390952961276;116.29703185692432,39.81552821021517;116.29737517967817,39.81575895576743;116.2981261982024,39.815693028545844;116.29795453682544,39.81683026425517;116.29784724846485,39.81711044987403','110000','Âåó‰∫¨Â∏Ç','110100','Âåó‰∫¨Â∏ÇÂ∏ÇËæñÂå∫','110106','‰∏∞Âè∞Âå∫',NULL,NULL,'2019-07-19 23:25:02',NULL,NULL,'2019-07-19 23:25:02'),('e16dcf33b9446972d2ee474ab893fcc9','ÂçóËãëÂåóÈáå4Âå∫','Âåó‰∫¨Â∏Ç‰∏∞Âè∞Âå∫ÂçóËãëË°óÈÅìÂçóËãëÂåóÈáå4Âå∫',116.397002,39.807151,'116.3955762134492,39.80789669387652;116.3956191287935,39.80683348811824;116.39929911956193,39.80694063362955;116.39927766188981,39.80723734340485;116.39749667510392,39.807187891864565;116.39724991187455,39.80719613379041;116.39642379149791,39.807426907313136;116.39642379149791,39.807426907313136','110000','Âåó‰∫¨Â∏Ç','110100','Âåó‰∫¨Â∏ÇÂ∏ÇËæñÂå∫','110106','‰∏∞Âè∞Âå∫',NULL,NULL,'2019-07-19 23:24:44',NULL,NULL,'2019-07-19 23:24:44'),('e27bf9e75a9f3e138503371decc4996b','Êñ∞ÂèëÂú∞Ê±ΩËΩ¶‰∫§ÊòìÂ∏ÇÂú∫','Âåó‰∫¨Â∏Ç‰∏∞Âè∞Âå∫Ëä±‰π°‰π°Âåó‰∫¨ÂåóÊ±ΩÈπèÈæôÊú∫Âä®ËΩ¶ÊãçÂçñÊúâÈôêÂÖ¨Âè∏Âåó‰∫¨Â∏ÇÈ©¨ÂÆ∂Ê•ºÊé•ÊµéÊúçÂä°‰∏≠ÂøÉ',116.349305,39.827818,'116.35253212451937,39.830772231078505;116.35185620784762,39.82764130236274;116.35075113773343,39.82758362602158;116.35079405307766,39.82792968334222;116.34952805042269,39.82805327481998;116.34877703189846,39.826125222446656;116.35030052661898,39.82577915603684;116.34978554248806,39.82366976117968;116.34802601337435,39.82390871931837;116.34855172634127,39.8257132384278;116.3462342977524,39.82594394978271;116.3464059591293,39.826899745714194;116.3463952302933,39.82721284838659;116.34664199352261,39.82833341467977;116.34694240093233,39.82830045710852;116.347253537178,39.82876186166753;116.34772560596463,39.829165588114584;116.34849808216092,39.829742336066;116.34929201602938,39.830343796628895;116.34944221973421,39.830450905491794;116.34944221973421,39.83059920979551;116.34972116947176,39.83073103557446;116.35069749355318,39.830788709273186;116.3520064115524,39.830805187463945','110000','Âåó‰∫¨Â∏Ç','110100','Âåó‰∫¨Â∏ÇÂ∏ÇËæñÂå∫','110106','‰∏∞Âè∞Âå∫',NULL,NULL,'2019-07-19 23:24:46',NULL,NULL,'2019-07-19 23:24:46'),('e4c8132018a26ef3e71ae5b38e548d45','ÂõõËê•Èó®ÂåóË∑Ø2Âè∑Èô¢','Âåó‰∫¨Â∏Ç‰∏∞Âè∞Âå∫‰∏úÈ´òÂú∞Ë°óÈÅìÂõõËê•Èó®ÂåóË∑Ø2Âè∑Èô¢',116.414501,39.809313,'116.41382596358653,39.8101384309686;116.41534945830705,39.8101384309686;116.41528508529069,39.808968117694576;116.41382596358653,39.80806152329481','110000','Âåó‰∫¨Â∏Ç','110100','Âåó‰∫¨Â∏ÇÂ∏ÇËæñÂå∫','110106','‰∏∞Âè∞Âå∫',NULL,NULL,'2019-07-19 23:24:52',NULL,NULL,'2019-07-19 23:24:52'),('e5b4e9355f7f67f8326a1dfaa17b85e4','È´òÈë´ÂÆ∂Âõ≠','Âåó‰∫¨Â∏Ç‰∏∞Âè∞Âå∫Ëä±‰π°‰π°È´òÈë´ÂÆ∂Âõ≠',116.307617,39.792760,'116.30505702629688,39.79345546626691;116.30561492577198,39.79157590608887;116.30677364006641,39.79177375694719;116.30673072472217,39.79207053216767;116.30776069298389,39.79203755720639;116.30776069298389,39.79215296950167;116.31024978294971,39.79221891929774;116.31024978294971,39.79355438906415;116.30527160301801,39.79345546626691','110000','Âåó‰∫¨Â∏Ç','110100','Âåó‰∫¨Â∏ÇÂ∏ÇËæñÂå∫','110106','‰∏∞Âè∞Âå∫',NULL,NULL,'2019-07-19 23:25:00',NULL,NULL,'2019-07-19 23:25:00'),('e62900de4bb0e6f8884350eb46b5b89c','Â±ÖÂ∫ìÂêçÂìÅÂÆ∂Â±Ö‰ªìÂÇ®ÂçñÂú∫','Âåó‰∫¨Â∏Ç‰∏∞Âè∞Âå∫Ëä±‰π°‰π°Â±ÖÂ∫ìÂêçÂìÅÂÆ∂ÂÖ∑‰ªìÂÇ®ÂçñÂú∫',116.283590,39.801944,'116.27993008822205,39.80267116065854;116.28041288584473,39.80155017590189;116.28118536204101,39.801690299995855;116.28159305781128,39.80103913266898;116.28208658426996,39.80108034597373;116.28239772051575,39.80050335745969;116.282623026073,39.800528085638156;116.28279468744995,39.80021486138723;116.28351351946594,39.8003632309471;116.28355643481018,39.80027256069853;116.28431818217041,39.80046214380915;116.2845327588916,39.80001703480945;116.28575584620233,39.800437415606964;116.28659269541498,39.800651726397106;116.28539106577631,39.80356134141774;116.28516576021912,39.803998185167494;116.28481170862915,39.803841581123514;116.28254792422058,39.80328110056981','110000','Âåó‰∫¨Â∏Ç','110100','Âåó‰∫¨Â∏ÇÂ∏ÇËæñÂå∫','110106','‰∏∞Âè∞Âå∫',NULL,NULL,'2019-07-19 23:25:07',NULL,NULL,'2019-07-19 23:25:07'),('e6565ca6394b87559fb0542be57ab362','ÂÖ¥Êµ∑ÂÖ¨Âõ≠','Âåó‰∫¨Â∏ÇÂ§ßÂÖ¥Âå∫Ë•øÁ∫¢Èó®ÈïáÂÖ¥Êµ∑ÂÖ¨Âõ≠(ÂÆèÁ¶èË∑Ø)',116.333646,39.789236,'116.33241017371415,39.79056309141943;116.33224924117326,39.78823826698059;116.3333006671071,39.788122848117474;116.33514602690934,39.78802391750928;116.33517821341752,39.788197045980276;116.33519967108964,39.789202831337015;116.33464177161454,39.789277028035045;116.3347061446309,39.79043943252338','110000','Âåó‰∫¨Â∏Ç','110100','Âåó‰∫¨Â∏ÇÂ∏ÇËæñÂå∫','110115','Â§ßÂÖ¥Âå∫',NULL,NULL,'2019-07-19 23:24:31',NULL,NULL,'2019-07-19 23:24:31'),('e7588affef2c4c65ea479fcbe260e64e','Âåó‰∫¨ÂõΩÈôÖËä±Âõ≠','Âåó‰∫¨Â∏Ç‰∏∞Âè∞Âå∫Ëä±‰π°‰π°Âåó‰∫¨ÂõΩÈôÖËä±Âõ≠(Âåó‰∫¨Â∏Ç‰∏∞Âè∞Âå∫ÂÖ≠ÂúàÂç´ÁîüÊâÄ‰∏ú)Âåó‰∫¨ÂõΩÈôÖËä±Âõ≠',116.295258,39.813013,'116.29853389397266,39.814127238446666;116.29898450508716,39.81190210694524;116.2920751346648,39.811819693284086;116.29153869286182,39.81313830000547;116.2914099468291,39.81384704066625;116.29278323784467,39.8139294518967;116.2929763568938,39.814226131508214;116.29769704475996,39.81420964934117','110000','Âåó‰∫¨Â∏Ç','110100','Âåó‰∫¨Â∏ÇÂ∏ÇËæñÂå∫','110106','‰∏∞Âè∞Âå∫',NULL,NULL,'2019-07-19 23:25:01',NULL,NULL,'2019-07-19 23:25:01'),('e87feb62d9b409b12d302f9be708c5e9','È∏øÂù§Êñ∞ÈÉΩËçü','Âåó‰∫¨Â∏ÇÂ§ßÂÖ¥Âå∫Ë•øÁ∫¢Èó®ÈïáÂÆèÁ¶èË∑Ø46È∏øÂù§¬∑Êñ∞ÈÉΩËçü',116.345224,39.791292,'116.34441574126481,39.791725474176936;116.34439428359269,39.79142869746777;116.34483416587113,39.791370990736745;116.34480197936296,39.790826896321406;116.34577830344438,39.790785676872154;116.34591777831315,39.79168425526611','110000','Âåó‰∫¨Â∏Ç','110100','Âåó‰∫¨Â∏ÇÂ∏ÇËæñÂå∫','110115','Â§ßÂÖ¥Âå∫',NULL,NULL,'2019-07-19 23:24:29',NULL,NULL,'2019-07-19 23:24:29'),('e8c98f55cf8798d38ab038a8aca61d9e','Ë•øÁ∫¢Èó®Ê∏ÖÁúüÂØ∫','Âåó‰∫¨Â∏ÇÂ§ßÂÖ¥Âå∫Ë•øÁ∫¢Èó®ÈïáÊ¨£Êó∫ÂåóÂ§ßË°ó109Âè∑Ë•øÁ∫¢Èó®Ê∏ÖÁúüÂØ∫',116.341639,39.791067,'116.34112198859452,39.791700742833406;116.34098251372575,39.79057133533793;116.3422163298726,39.79048065218007;116.34228070288896,39.79153586698268','110000','Âåó‰∫¨Â∏Ç','110100','Âåó‰∫¨Â∏ÇÂ∏ÇËæñÂå∫','110115','Â§ßÂÖ¥Âå∫',NULL,NULL,'2019-07-19 23:24:29',NULL,NULL,'2019-07-19 23:24:29'),('e9ea9d5e43c3d9ef41cd8c57e79e0653','Âíå‰πâË•øÈáå4Âå∫','Âåó‰∫¨Â∏Ç‰∏∞Âè∞Âå∫Âíå‰πâË°óÈÅìÂíå‰πâË•øÈáåÂ∞èÂå∫',116.397384,39.813288,'116.39432093694808,39.81365749343107;116.3943423946202,39.813245434660324;116.39470717504622,39.813171263819264;116.39582297399642,39.813047645572965;116.39679929807784,39.81293226834249;116.39767906263472,39.812825132169365;116.39772197797896,39.812726237092114;116.39865538671614,39.81268503076792;116.39938494756814,39.81261910059786;116.39935276106002,39.81284161466841;116.39968535497786,39.81303116312331;116.39987847402693,39.81335257017836;116.39982482984664,39.81370694031757;116.39582297399642,39.813698699172285;116.39436385229232,39.81369045802601','110000','Âåó‰∫¨Â∏Ç','110100','Âåó‰∫¨Â∏ÇÂ∏ÇËæñÂå∫','110106','‰∏∞Âè∞Âå∫',NULL,NULL,'2019-07-19 23:24:49',NULL,NULL,'2019-07-19 23:24:49'),('eb6308fc33f1324978f6638024cc578f','Â§©Á••ÁîµÂ≠êÂïÜÂä°Âõ≠Âå∫','Âåó‰∫¨Â∏Ç‰∏∞Âè∞Âå∫Ëä±‰π°‰π°Â§©Á••ÁîµÂïÜÂõ≠',116.319683,39.785819,'116.31848143681884,39.78767469029431;116.32126020535827,39.78728720874217;116.32123874768615,39.783717329225226;116.3189427767694,39.784426373153934;116.31754802808166,39.78526732276015;116.31807374104858,39.786553461100716','110000','Âåó‰∫¨Â∏Ç','110100','Âåó‰∫¨Â∏ÇÂ∏ÇËæñÂå∫','110106','‰∏∞Âè∞Âå∫',NULL,NULL,'2019-07-19 23:24:35',NULL,NULL,'2019-07-19 23:24:35'),('ec8a428c71947b929a584dfedbdc3d2f','‰∏áÊ∫êÂçóÈáå','Âåó‰∫¨Â∏Ç‰∏∞Âè∞Âå∫‰∏úÈ´òÂú∞Ë°óÈÅì‰∏áÊ∫êÂçóÈáå',116.425701,39.797602,'116.42346045434476,39.79908559060037;116.423503369689,39.797873873982134;116.42230174005027,39.797832658755716;116.42297765672208,39.79599443454179;116.42319223344322,39.795977948003674;116.42561695039268,39.796167542953405;116.4254667466879,39.79668686557408;116.42593881547447,39.79681875640888;116.4259173578024,39.79741226203561;116.42656108796598,39.79745347751395;116.4270868009329,39.79603565086979;116.42812749803068,39.796027407606154;116.42807385385032,39.79703307847603;116.42945787370206,39.79699186274576;116.42943641602989,39.79807994974363;116.42882487237455,39.798046977663276;116.428556651473,39.798005762540626;116.4284922784567,39.79789860310609;116.42796656548978,39.79789036006576;116.42795583665372,39.79911856218278;116.42795583665372,39.79911856218278','110000','Âåó‰∫¨Â∏Ç','110100','Âåó‰∫¨Â∏ÇÂ∏ÇËæñÂå∫','110106','‰∏∞Âè∞Âå∫',NULL,NULL,'2019-07-19 23:24:58',NULL,NULL,'2019-07-19 23:24:58'),('ee9d559a354f4a6cdeff628bb5fc354f','ÂÖ¥ÂàõÂõΩÈôÖ‰∏≠ÂøÉ2Êúü','Âåó‰∫¨Â∏ÇÂ§ßÂÖ¥Âå∫Ë•øÁ∫¢Èó®ÈïáÂÖ¥ÂàõÂõΩÈôÖ‰∏≠ÂøÉÂõõÊúü',116.327152,39.783982,'116.32513602286576,39.785336248224276;116.32513602286576,39.78350593481478;116.32514675170182,39.783200877846326;116.32550080329179,39.783027736803156;116.32694919615983,39.782854595324295;116.32930954009294,39.78263198421134;116.32898767501115,39.78494875350215;116.32592995673417,39.78527029182995','110000','Âåó‰∫¨Â∏Ç','110100','Âåó‰∫¨Â∏ÇÂ∏ÇËæñÂå∫','110115','Â§ßÂÖ¥Âå∫',NULL,NULL,'2019-07-19 23:24:34',NULL,NULL,'2019-07-19 23:24:34'),('f09e5ad1cf64728ca6f9f8c4d575a04c','Áõä‰∏∞Â§ßÈô¢','Âåó‰∫¨Â∏Ç‰∏∞Âè∞Âå∫ÂçóËãë‰π°Áõä‰∏∞Âõ≠Â∞èÂå∫',116.416448,39.810744,'116.4154782043397,39.81135817289535;116.4154138313234,39.810187880386565;116.41773125991227,39.81023732976893;116.41770980224015,39.810484576147246;116.41704461440446,39.81135817289535','110000','Âåó‰∫¨Â∏Ç','110100','Âåó‰∫¨Â∏ÇÂ∏ÇËæñÂå∫','110106','‰∏∞Âè∞Âå∫',NULL,NULL,'2019-07-19 23:24:52',NULL,NULL,'2019-07-19 23:24:52'),('f0c6472f6a2eb19cdbc4364572e31051','ÊÄßÊÅíÂü∫ÂäûÂÖ¨Ê•º','Âåó‰∫¨Â∏ÇÂ§ßÂÖ¥Âå∫Ë•øÁ∫¢Èó®ÈïáÊ¨£Êó∫ÂåóÂ§ßË°óÁî≤1Âè∑ÂÖ¥ÊÅíÂü∫ÂïÜÂä°ÂäûÂÖ¨Ê•º',116.340753,39.801552,'116.34038169354199,39.801922268623855;116.34029586285351,39.80108152261322;116.34068210095165,39.801073279954366;116.34121854275463,39.80140298553692;116.34125072926281,39.80194699629209;116.34048898190258,39.80196348139931','110000','Âåó‰∫¨Â∏Ç','110100','Âåó‰∫¨Â∏ÇÂ∏ÇËæñÂå∫','110115','Â§ßÂÖ¥Âå∫',NULL,NULL,'2019-07-19 23:24:24',NULL,NULL,'2019-07-19 23:24:24'),('f15c8e1b196505bf89682d1046a171c1','‰∏ñÁïåÂÖ¨Âõ≠','Âåó‰∫¨Â∏Ç‰∏∞Âè∞Âå∫Êñ∞ÊùëË°óÈÅì‰∏ñÁïåÂÖ¨Âõ≠',116.287873,39.810537,'116.28362081050875,39.812907543594896;116.2843503713608,39.811028515049365;116.28224751949313,39.81040216078661;116.28366372585299,39.808193392314166;116.28641030788418,39.80878679977106;116.28782651424405,39.806577979397915;116.28915688991543,39.8069735942339;116.2889423131943,39.8075010771407;116.29010102748873,39.807962621364304;116.29057309627535,39.8075010771407;116.29293344020846,39.80822635952947;116.29241845607754,39.80921536863776;116.2903585195541,39.81432502236721','110000','Âåó‰∫¨Â∏Ç','110100','Âåó‰∫¨Â∏ÇÂ∏ÇËæñÂå∫','110106','‰∏∞Âè∞Âå∫',NULL,NULL,'2019-07-19 23:25:04',NULL,NULL,'2019-07-19 23:25:04'),('f1e59eff2cc10de2f122d401efba6006','È∏øÂù§ÊûóËØ≠Â¢Ö','Âåó‰∫¨Â∏ÇÂ§ßÂÖ¥Âå∫Ë•øÁ∫¢Èó®ÈïáÈ∏øÂù§¬∑ÊûóËØ≠Â¢Ö',116.341394,39.788969,'116.33895476371049,39.79030752945588;116.33900840789079,39.78795796369143;116.33923371344804,39.78774361334679;116.34159405738114,39.78757872801185;116.3436218073964,39.78757048373471;116.343729095757,39.788419639088545;116.34389002829789,39.790084942456026;116.34337504416703,39.790241577827324;116.34087522536515,39.79030752945588','110000','Âåó‰∫¨Â∏Ç','110100','Âåó‰∫¨Â∏ÇÂ∏ÇËæñÂå∫','110115','Â§ßÂÖ¥Âå∫',NULL,NULL,'2019-07-19 23:24:31',NULL,NULL,'2019-07-19 23:24:31'),('f465dfa09dd5520ee4cc857fdb7269c0','ÂêåÂçéÂõ≠','Âåó‰∫¨Â∏ÇÂ§ßÂÖ¥Âå∫Ë•øÁ∫¢Èó®ÈïáÁ∫¢Âçé‰ΩèÂÆÖÂå∫ÂêåÂçéÂõ≠',116.357643,39.791673,'116.35621746361255,39.79260755191817;116.35664661705493,39.791255576098976;116.35709722816944,39.7906125538851;116.35789116203784,39.79064552952948;116.35814865410327,39.79024982075385;116.35894258797168,39.79028279657207;116.35832031548023,39.792970272617055;116.35731180489063,39.792871348979766','110000','Âåó‰∫¨Â∏Ç','110100','Âåó‰∫¨Â∏ÇÂ∏ÇËæñÂå∫','110115','Â§ßÂÖ¥Âå∫',NULL,NULL,'2019-07-19 23:24:35',NULL,NULL,'2019-07-19 23:24:35'),('f544036cd53835626477146a87870c45','ÂØåÈî¶ÂòâÂõ≠2Âå∫','Âåó‰∫¨Â∏Ç‰∏∞Âè∞Âå∫Êñ∞ÊùëË°óÈÅìÂØåÈî¶ÂòâÂõ≠ÂØåÈî¶ÂòâÂõ≠3Âå∫',116.283065,39.817393,'116.28189346924427,39.81773674197931;116.28191492691639,39.817028041427534;116.28241918221119,39.817003319183364;116.28426454201343,39.817036282173625;116.28428599968555,39.81778618593115;116.28231189385059,39.81778618593115','110000','Âåó‰∫¨Â∏Ç','110100','Âåó‰∫¨Â∏ÇÂ∏ÇËæñÂå∫','110106','‰∏∞Âè∞Âå∫',NULL,NULL,'2019-07-19 23:25:05',NULL,NULL,'2019-07-19 23:25:05'),('f601c877a90bff11f985d1107541b2db','‰πùÈæôÂ±±Â∫Ñ3Êúü','Âåó‰∫¨Â∏ÇÂ§ßÂÖ¥Âå∫Ë•øÁ∫¢Èó®Èïá‰πùÈæôÂ±±Â∫Ñ‰∏âÂå∫5Âè∑Ê•º‰πùÈæôÂ±±Â∫Ñ3Âå∫',116.341717,39.801117,'116.34124000042675,39.80141947077456;116.34130437344311,39.80193051118093;116.34238798588513,39.801914026065795;116.34288151234387,39.80183984299885;116.34279568165539,39.80121340502011;116.34198029011486,39.80127934612874;116.34198029011486,39.80090018389073;116.34255964726208,39.800842485106;116.34249527424572,39.80032319386503;116.34064991444347,39.80043859225747;116.34070355862377,39.800933154603094;116.34044606655834,39.8010320666454;116.34087522000073,39.801287588762854','110000','Âåó‰∫¨Â∏Ç','110100','Âåó‰∫¨Â∏ÇÂ∏ÇËæñÂå∫','110115','Â§ßÂÖ¥Âå∫',NULL,NULL,'2019-07-19 23:24:23',NULL,NULL,'2019-07-19 23:24:23'),('f99458954e22bb05a6feabbc4db77baa','ÂÖ¥Êµ∑Â≠¶Ê†°','Âåó‰∫¨Â∏ÇÂ§ßÂÖ¥Âå∫Ë•øÁ∫¢Èó®ÈïáÂÖ¥Êµ∑Â≠¶Ê†°',116.336687,39.789143,'116.33466322928666,39.79046416432035;116.3345988562703,39.789277028035045;116.33523185759782,39.78921931949904;116.33513529807328,39.787999184835;116.33870800048112,39.78781781161859;116.33858998328446,39.78968923045575;116.33776386290788,39.78974693859757;116.33776386290788,39.79037348102123','110000','Âåó‰∫¨Â∏Ç','110100','Âåó‰∫¨Â∏ÇÂ∏ÇËæñÂå∫','110115','Â§ßÂÖ¥Âå∫',NULL,NULL,'2019-07-19 23:24:30',NULL,NULL,'2019-07-19 23:24:30'),('fa148c5e9010eabf0763e66642837a31','Áâ©ÁæéÂçñÂú∫','Âåó‰∫¨Â∏Ç‰∏∞Âè∞Âå∫‰∏úÈ´òÂú∞Ë°óÈÅìËà™Â§©‰∏áÊ∫êÂπøÂú∫',116.423591,39.802683,'116.42293474942448,39.80338825058683;116.42293474942448,39.802836008786436;116.42316005498174,39.8027206144172;116.42327807217839,39.80269588702715;116.42324588567016,39.80177272476976;116.42402909070256,39.80173151187999;116.42408273488286,39.803520128569666','110000','Âåó‰∫¨Â∏Ç','110100','Âåó‰∫¨Â∏ÇÂ∏ÇËæñÂå∫','110106','‰∏∞Âè∞Âå∫',NULL,NULL,'2019-07-19 23:24:59',NULL,NULL,'2019-07-19 23:24:59'),('fa1ca653c5aa81c9070885ed0afc57f5','ÈáëÂçéÂõ≠','Âåó‰∫¨Â∏ÇÂ§ßÂÖ¥Âå∫Ë•øÁ∫¢Èó®ÈïáÈáëÂçéÂõ≠Â∞èÂå∫ÈáëÂçéÂõ≠',116.383424,39.766410,'116.38118884697559,39.7684729070552;116.38185403481128,39.76594941171981;116.38103864327076,39.76609785518226;116.38133905068042,39.76423404182584;116.38427875176075,39.76446495949311;116.38421437874439,39.76499276839592;116.38593099251392,39.76510822605407;116.3855232967436,39.76822550964122','110000','Âåó‰∫¨Â∏Ç','110100','Âåó‰∫¨Â∏ÇÂ∏ÇËæñÂå∫','110115','Â§ßÂÖ¥Âå∫',NULL,NULL,'2019-07-19 23:24:59',NULL,NULL,'2019-07-19 23:24:59'),('fabb77fdfb063c9617a0cea012296e1e','Êñ∞ÂçéË∑Ø2Âè∑Èô¢','Âåó‰∫¨Â∏Ç‰∏∞Âè∞Âå∫ÂçóËãëË°óÈÅìÊñ∞ÂçéÈáå2Âè∑',116.392852,39.810121,'116.39159581393005,39.81043512591254;116.39421364992859,39.810327985847366;116.39419219225647,39.80984173268372;116.39152071207764,39.80987469910859','110000','Âåó‰∫¨Â∏Ç','110100','Âåó‰∫¨Â∏ÇÂ∏ÇËæñÂå∫','110106','‰∏∞Âè∞Âå∫',NULL,NULL,'2019-07-19 23:24:47',NULL,NULL,'2019-07-19 23:24:47'),('fbcfaaf286e2a43e996b564ca2c09c14','È∏øÂù§ÁêÜÊÉ≥Âüé4Êúü','Âåó‰∫¨Â∏ÇÂ§ßÂÖ¥Âå∫Ë•øÁ∫¢Èó®ÈïáÈ∏øÂù§¬∑ÁêÜÊÉ≥Âüé4Êúü',116.344101,39.796262,'116.34337504416703,39.797174390541315;116.34309609442948,39.795476285488974;116.34483416587113,39.79538560879731;116.34510238677262,39.79700128466386','110000','Âåó‰∫¨Â∏Ç','110100','Âåó‰∫¨Â∏ÇÂ∏ÇËæñÂå∫','110115','Â§ßÂÖ¥Âå∫',NULL,NULL,'2019-07-19 23:24:25',NULL,NULL,'2019-07-19 23:24:25'),('fc4a7201595c30c98926563ac90a23b7','ÁôΩÁõÜÁ™ëÂ§©ÂÖ¥ÂÆ∂Âõ≠','Âåó‰∫¨Â∏Ç‰∏∞Âè∞Âå∫Ëä±‰π°‰π°ÁôΩÁõÜÁ™ëÂ§©ÂÖ¥ÂÆ∂Âõ≠ÂõõÂêàÊ¨£Âõ≠',116.310532,39.823734,'116.30865118235351,39.82483982104777;116.3085760805011,39.82415591342839;116.30855462282892,39.82287871832234;116.30877992838623,39.822771597653734;116.30926272600891,39.82267271688835;116.31241700381037,39.82268095695756;116.31249210566284,39.82309295915856;116.31252429217102,39.82470798396403','110000','Âåó‰∫¨Â∏Ç','110100','Âåó‰∫¨Â∏ÇÂ∏ÇËæñÂå∫','110106','‰∏∞Âè∞Âå∫',NULL,NULL,'2019-07-19 23:25:09',NULL,NULL,'2019-07-19 23:25:09'),('fe12e506bc7c3a3cce98f667060e26dd','Âåó‰∫¨Ëà™Â§©ÊÄªÂåªÈô¢(711ÂåªÈô¢)','Âåó‰∫¨Â∏Ç‰∏∞Âè∞Âå∫‰∏úÈ´òÂú∞Ë°óÈÅì‰∏áÊ∫êÂåóË∑Ø7Âè∑Âåó‰∫¨Ëà™Â§©ÊÄªÂåªÈô¢',116.419702,39.804240,'116.41820332735779,39.8050119806356;116.4190616342425,39.80505319155918;116.41934058398004,39.80516858201387;116.42111084192987,39.80511088681075;116.42110011309387,39.80350364383564;116.42058512896295,39.80354485566329;116.42058512896295,39.803347038665315;116.41913673609491,39.803017342404004;116.41925475329163,39.803322311500544;116.41908309191467,39.80361079453616;116.4182891580462,39.80364376394888;116.41817114084955,39.804228968394014','110000','Âåó‰∫¨Â∏Ç','110100','Âåó‰∫¨Â∏ÇÂ∏ÇËæñÂå∫','110106','‰∏∞Âè∞Âå∫',NULL,NULL,'2019-07-19 23:24:54',NULL,NULL,'2019-07-19 23:24:54'),('fe50f36ee2fe45170437b3204e8e7268','ÂçóËãëÊú∫Âú∫ÂÆ∂Â±ûÂå∫','Âåó‰∫¨Â∏Ç‰∏∞Âè∞Âå∫ÂçóËãëË°óÈÅìÂçóËãëÊú∫Âú∫ÂÆ∂Â±ûÂå∫',116.410861,39.794659,'116.40944859847428,39.79576362780061;116.40942714080217,39.79355438906415;116.4105858550966,39.79347195340969;116.41234538421037,39.79353790194117;116.41217372283336,39.79591200696372','110000','Âåó‰∫¨Â∏Ç','110100','Âåó‰∫¨Â∏ÇÂ∏ÇËæñÂå∫','110106','‰∏∞Âè∞Âå∫',NULL,NULL,'2019-07-19 23:24:42',NULL,NULL,'2019-07-19 23:24:42');
/*!40000 ALTER TABLE `share_pointer_address_t` ENABLE KEYS */;
UNLOCK TABLES;
/*!40103 SET TIME_ZONE=@OLD_TIME_ZONE */;

/*!40101 SET SQL_MODE=@OLD_SQL_MODE */;
/*!40014 SET FOREIGN_KEY_CHECKS=@OLD_FOREIGN_KEY_CHECKS */;
/*!40014 SET UNIQUE_CHECKS=@OLD_UNIQUE_CHECKS */;
/*!40101 SET CHARACTER_SET_CLIENT=@OLD_CHARACTER_SET_CLIENT */;
/*!40101 SET CHARACTER_SET_RESULTS=@OLD_CHARACTER_SET_RESULTS */;
/*!40101 SET COLLATION_CONNECTION=@OLD_COLLATION_CONNECTION */;
/*!40111 SET SQL_NOTES=@OLD_SQL_NOTES */;

-- Dump completed on 2019-07-19 15:55:51
